run,seed,mode,scenario,arm,history,matched_prep,repeat,model,goal_success_m0,goal_success_m1,steps_m0,steps_m1,optimal_action_m0,optimal_action_m1,regret_m0,regret_m1,h4_reached,h4_chose_again,exposed,must_update,m1_attempts,detection,localization,preservation,route_probe_optimal,reasoning,reasoning_tokens,reasoning_violation,billed_cost,max_tokens,max_tokens_used,retried_attempts,cut_off_calls,calls,input_tokens,output_tokens,cost_usd,cost_source
s0_graph_given_r0,0,det,hard_removal,graph_given,none,False,0,deepseek/deepseek-v4.1-flash,1.0,1.0,4.0,4.0,1.0,1.0,0.0,0.0,,,False,False,0,True,True,1.0,True,off,0,False,0.00490437,65536,65536,0,0,36,68435,649,0.0049,billed
s0_model_first_r0,0,det,hard_removal,model_first,none,False,0,deepseek/deepseek-v4.1-flash,1.0,1.0,4.5,4.0,0.9583333333333334,1.0,0.5,0.0,,,True,True,0,True,True,1.0,True,off,0,False,0.0057108792,65536,65536,0,0,45,155651,3791,0.0057,billed
s0_task_only_r0,0,det,hard_removal,task_only,none,False,0,deepseek/deepseek-v4.1-flash,1.0,1.0,6.0,4.0,0.8333333333333334,1.0,2.0,0.0,,,True,True,0,True,True,1.0,True,off,0,False,0.00478081,65536,65536,0,0,44,91927,1214,0.0048,billed
s1_graph_given_r0,1,det,hard_removal,graph_given,none,False,0,deepseek/deepseek-v4.1-flash,1.0,1.0,4.0,4.0,1.0,1.0,0.0,0.0,,,True,True,0,True,True,1.0,True,off,0,False,0.00551396,65536,65536,0,0,36,77560,1156,0.0055,billed
s1_model_first_r0,1,det,hard_removal,model_first,none,False,0,deepseek/deepseek-v4.1-flash,1.0,1.0,6.75,5.0,0.7666666666666667,0.8,2.75,1.0,,,False,True,0,False,False,0.75,False,off,0,False,0.01378241,65536,65536,0,0,58,209630,3369,0.0138,billed
s1_task_only_r0,1,det,hard_removal,task_only,none,False,0,deepseek/deepseek-v4.1-flash,1.0,1.0,6.75,5.0,0.7666666666666667,0.8,2.75,1.0,,,False,True,0,False,False,0.75,False,off,0,False,0.00766031,65536,65536,0,0,51,116737,1275,0.0077,billed
s13_graph_given_r0,13,det,hard_removal,graph_given,none,False,0,deepseek/deepseek-v4.1-flash,1.0,1.0,2.0,3.0,1.0,1.0,0.0,0.0,,,True,True,0,True,True,1.0,True,off,0,False,0.00318451,65536,65536,0,0,24,36999,679,0.0032,billed
s13_model_first_r0,13,det,hard_removal,model_first,none,False,0,deepseek/deepseek-v4.1-flash,1.0,1.0,3.75,3.0,0.8333333333333334,1.0,1.75,0.0,,,True,True,0,False,True,0.75,True,off,0,False,0.004523908,65536,65536,0,0,38,116282,3609,0.0045,billed
s13_task_only_r0,13,det,hard_removal,task_only,none,False,0,deepseek/deepseek-v4.1-flash,1.0,1.0,4.5,3.0,0.5833333333333333,1.0,2.5,0.0,,,False,False,0,False,True,0.75,True,off,0,False,0.003179388,65536,65536,0,0,34,59807,1083,0.0032,billed
s25_graph_given_r0,25,det,hard_removal,graph_given,none,False,0,deepseek/deepseek-v4.1-flash,1.0,1.0,2.0,3.0,1.0,1.0,0.0,0.0,,,True,True,0,True,True,1.0,True,off,0,False,0.002043732,65536,65536,0,0,24,38083,775,0.002,billed
s25_model_first_r0,25,det,hard_removal,model_first,none,False,0,deepseek/deepseek-v4.1-flash,1.0,1.0,4.5,4.0,0.5,0.75,2.5,1.0,,,False,True,0,False,True,1.0,False,off,0,False,0.004429072,65536,65536,0,0,45,137037,3017,0.0044,billed
s25_task_only_r0,25,det,hard_removal,task_only,none,False,0,deepseek/deepseek-v4.1-flash,1.0,1.0,4.5,4.0,0.5,0.75,2.5,1.0,,,False,True,0,False,True,0.75,False,off,0,False,0.00585241,65536,65536,0,0,38,70844,1065,0.0059,billed
s8_graph_given_r0,8,det,hard_removal,graph_given,none,False,0,deepseek/deepseek-v4.1-flash,1.0,1.0,2.0,3.0,1.0,1.0,0.0,0.0,,,True,True,0,True,True,1.0,True,off,0,False,0.002048016,65536,65536,0,0,24,36956,684,0.002,billed
s8_model_first_r0,8,det,hard_removal,model_first,none,False,0,deepseek/deepseek-v4.1-flash,1.0,1.0,3.75,3.0,0.625,1.0,1.75,0.0,,,False,False,0,False,True,0.75,True,off,0,False,0.0049298496,65536,65536,0,0,38,127124,3955,0.0049,billed
s8_task_only_r0,8,det,hard_removal,task_only,none,False,0,deepseek/deepseek-v4.1-flash,1.0,1.0,4.5,3.0,0.6875,1.0,2.5,0.0,,,True,True,0,True,True,0.75,True,off,0,False,0.002744584,65536,65536,0,0,34,55165,855,0.0027,billed
s0_graph_given_r0,0,det,hard_removal,graph_given,none,False,0,deepseek/deepseek-v4.1-flash,1.0,1.0,4.0,4.0,1.0,1.0,0.0,0.0,,,True,True,0,True,True,1.0,True,on,4324,False,0.0069542200000000005,65536,65536,0,0,36,61860,4654,0.007,billed
s0_model_first_r0,0,det,hard_removal,model_first,none,False,0,deepseek/deepseek-v4.1-flash,1.0,1.0,4.5,4.0,0.9583333333333334,1.0,0.5,0.0,,,True,True,0,True,True,1.0,True,on,3989,False,0.00952914,65536,65536,0,0,45,125690,6641,0.0095,billed
s0_task_only_r0,0,det,hard_removal,task_only,none,False,0,deepseek/deepseek-v4.1-flash,1.0,1.0,4.5,4.0,0.9583333333333334,1.0,0.5,0.0,,,True,True,0,True,True,1.0,True,on,6453,False,0.0053685988,65536,65536,0,0,38,57568,6891,0.0054,billed
s1_graph_given_r0,1,det,hard_removal,graph_given,none,False,0,deepseek/deepseek-v4.1-flash,1.0,1.0,4.0,4.0,1.0,1.0,0.0,0.0,,,False,False,0,False,True,1.0,True,on,3896,False,0.00673497,65536,65536,0,0,36,61044,4233,0.0067,billed
s1_model_first_r0,1,det,hard_removal,model_first,none,False,0,deepseek/deepseek-v4.1-flash,1.0,1.0,6.75,5.0,0.7666666666666667,0.8,2.75,1.0,,,False,True,0,False,True,0.75,False,on,81427,False,0.06493717,65536,65536,1,1,59,185187,83865,0.0649,billed
s1_task_only_r0,1,det,hard_removal,task_only,none,False,0,deepseek/deepseek-v4.1-flash,1.0,1.0,10.0,10.0,0.6749999999999999,0.6853896103896104,6.0,6.0,,,True,True,0,True,False,0.75,False,on,188452,False,0.13964461,65536,65536,2,2,86,263499,189120,0.1396,billed
s13_graph_given_r0,13,det,hard_removal,graph_given,none,False,0,deepseek/deepseek-v4.1-flash,1.0,1.0,2.0,3.0,1.0,1.0,0.0,0.0,,,True,True,0,True,True,1.0,True,on,1555,False,0.00440693,65536,65536,0,0,24,32667,1817,0.0044,billed
s13_model_first_r0,13,det,hard_removal,model_first,none,False,0,deepseek/deepseek-v4.1-flash,1.0,1.0,3.75,3.0,0.8333333333333334,1.0,1.75,0.0,,,True,True,0,True,True,1.0,True,on,5093,False,0.01283255,65536,65536,0,0,38,109231,8395,0.0128,billed
s13_task_only_r0,13,det,hard_removal,task_only,none,False,0,deepseek/deepseek-v4.1-flash,1.0,1.0,7.25,3.0,0.4583333333333333,1.0,5.25,0.0,,,True,True,0,True,True,1.0,True,on,8812,False,0.013435284,65536,65536,0,0,45,78087,9330,0.0134,billed
s25_graph_given_r0,25,det,hard_removal,graph_given,none,False,0,deepseek/deepseek-v4.1-flash,1.0,1.0,2.0,3.0,1.0,1.0,0.0,0.0,,,True,True,0,True,True,1.0,True,on,1691,False,0.00330744,65536,65536,0,0,24,31876,2000,0.0033,billed
s25_model_first_r0,25,det,hard_removal,model_first,none,False,0,deepseek/deepseek-v4.1-flash,1.0,1.0,4.5,4.0,0.5,0.75,2.5,1.0,,,False,True,0,True,True,0.75,False,on,3752,False,0.0066945,65536,65536,0,0,45,115865,5910,0.0067,billed
s25_task_only_r0,25,det,hard_removal,task_only,none,False,0,deepseek/deepseek-v4.1-flash,1.0,1.0,6.75,7.5,0.5138888888888888,0.8402777777777778,4.75,4.5,,,False,True,0,True,True,1.0,True,on,11149,False,0.018583644,65536,65536,0,0,61,136105,11698,0.0186,billed
s8_graph_given_r0,8,det,hard_removal,graph_given,none,False,0,deepseek/deepseek-v4.1-flash,1.0,1.0,2.0,3.0,1.0,1.0,0.0,0.0,,,True,True,0,True,True,1.0,True,on,1823,False,0.003789096,65536,65536,0,0,24,31990,2122,0.0038,billed
s8_model_first_r0,8,det,hard_removal,model_first,none,False,0,deepseek/deepseek-v4.1-flash,1.0,1.0,3.75,3.0,0.625,1.0,1.75,0.0,,,False,False,0,True,True,1.0,True,on,2266,False,0.00873406,65536,65536,0,0,38,87129,4170,0.0087,billed
s8_task_only_r0,8,det,hard_removal,task_only,none,False,0,deepseek/deepseek-v4.1-flash,1.0,1.0,4.5,3.75,0.5833333333333333,0.9166666666666666,2.5,0.75,,,False,True,0,True,True,0.75,True,on,5268,False,0.008639688,65536,65536,0,0,37,54970,5719,0.0086,billed
s0_graph_given_r0,0,det,irrelevant,graph_given,none,False,0,deepseek/deepseek-v4.1-flash,1.0,1.0,4.0,4.0,1.0,1.0,0.0,0.0,,,False,False,0,True,True,1.0,True,off,0,False,0.0057177700000000005,65536,65536,0,0,36,76746,1017,0.0057,billed
s0_model_first_r0,0,det,irrelevant,model_first,none,False,0,deepseek/deepseek-v4.1-flash,1.0,1.0,4.5,4.0,0.9583333333333334,1.0,0.5,0.0,,,False,False,0,False,False,0.75,True,off,0,False,0.0047482172,65536,65536,0,0,45,147440,3295,0.0047,billed
s0_task_only_r0,0,det,irrelevant,task_only,none,False,0,deepseek/deepseek-v4.1-flash,1.0,1.0,6.0,6.0,0.8333333333333334,0.8333333333333334,2.0,2.0,,,False,True,0,False,False,0.75,False,off,0,False,0.00736247,65536,65536,0,0,52,126368,1409,0.0074,billed
s1_graph_given_r0,1,det,irrelevant,graph_given,none,False,0,deepseek/deepseek-v4.1-flash,1.0,1.0,4.0,4.0,1.0,1.0,0.0,0.0,,,False,False,0,True,True,1.0,True,off,0,False,0.00544068,65536,65536,0,0,36,76835,1032,0.0054,billed
s1_model_first_r0,1,det,irrelevant,model_first,none,False,0,deepseek/deepseek-v4.1-flash,1.0,1.0,6.75,5.25,0.7666666666666667,0.7666666666666667,2.75,1.0,,,True,True,1,True,True,1.0,False,off,0,False,0.01776365,65536,65536,0,0,59,257200,5101,0.0178,billed
s1_task_only_r0,1,det,irrelevant,task_only,none,False,0,deepseek/deepseek-v4.1-flash,1.0,1.0,6.75,4.75,0.7666666666666667,0.8928571428571428,2.75,0.5,,,True,True,1,True,True,1.0,True,off,0,False,0.00853401,65536,65536,0,0,50,124682,1681,0.0085,billed
s13_graph_given_r0,13,det,irrelevant,graph_given,none,False,0,deepseek/deepseek-v4.1-flash,1.0,1.0,2.0,2.0,1.0,1.0,0.0,0.0,,,False,False,0,True,True,1.0,True,off,0,False,0.00252701,65536,65536,0,0,20,29353,681,0.0025,billed
s13_model_first_r0,13,det,irrelevant,model_first,none,False,0,deepseek/deepseek-v4.1-flash,1.0,1.0,3.75,2.0,0.8333333333333334,1.0,1.75,0.0,,,False,False,0,False,False,0.75,True,off,0,False,0.00756468,65536,65536,0,0,34,89581,3056,0.0076,billed
s13_task_only_r0,13,det,irrelevant,task_only,none,False,0,deepseek/deepseek-v4.1-flash,1.0,1.0,3.0,3.0,0.6666666666666666,0.6666666666666666,1.0,1.0,,,False,True,0,False,False,0.75,False,off,0,False,0.002338824,65536,65536,0,0,28,38550,716,0.0023,billed
s25_graph_given_r0,25,det,irrelevant,graph_given,none,False,0,deepseek/deepseek-v4.1-flash,1.0,1.0,2.0,2.0,1.0,1.0,0.0,0.0,,,False,False,0,False,True,1.0,True,off,0,False,0.001800696,65536,65536,0,0,20,28178,634,0.0018,billed
s25_model_first_r0,25,det,irrelevant,model_first,none,False,0,deepseek/deepseek-v4.1-flash,1.0,1.0,4.5,4.0,0.5,0.5,2.5,2.0,,,False,True,0,False,False,0.75,False,off,0,False,0.00433537,65536,65536,0,0,45,127514,2476,0.0043,billed
s25_task_only_r0,25,det,irrelevant,task_only,none,False,0,deepseek/deepseek-v4.1-flash,1.0,1.0,6.0,6.0,0.5,0.5,4.0,4.0,,,False,True,0,False,False,0.75,False,off,0,False,0.00888388,65536,65536,0,0,52,127036,1428,0.0089,billed
s8_graph_given_r0,8,det,irrelevant,graph_given,none,False,0,deepseek/deepseek-v4.1-flash,1.0,1.0,2.0,2.0,1.0,1.0,0.0,0.0,,,False,False,0,True,True,1.0,True,off,0,False,0.001406532,65536,65536,0,0,20,25051,366,0.0014,billed
s8_model_first_r0,8,det,irrelevant,model_first,none,False,0,deepseek/deepseek-v4.1-flash,1.0,1.0,3.75,3.0,0.625,0.6666666666666666,1.75,1.0,,,False,True,0,False,False,0.75,False,off,0,False,0.0043917822,65536,65536,0,0,38,112425,3114,0.0044,billed
s8_task_only_r0,8,det,irrelevant,task_only,none,False,0,deepseek/deepseek-v4.1-flash,1.0,1.0,4.5,4.0,0.6875,0.75,2.5,2.0,,,False,True,0,False,False,0.75,False,off,0,False,0.003819612,65536,65536,0,0,38,69337,1027,0.0038,billed
s0_graph_given_r0,0,det,irrelevant,graph_given,none,False,0,deepseek/deepseek-v4.1-flash,1.0,1.0,4.0,4.0,1.0,1.0,0.0,0.0,,,False,False,0,True,True,1.0,True,on,2371,False,0.00558008,65536,65536,0,0,36,62228,2728,0.0056,billed
s0_model_first_r0,0,det,irrelevant,model_first,none,False,0,deepseek/deepseek-v4.1-flash,1.0,1.0,5.5,4.0,0.875,1.0,1.5,0.0,,,False,False,0,False,False,0.75,True,on,65784,False,0.03391658,65536,65536,0,0,49,133883,68060,0.0339,billed
s0_task_only_r0,0,det,irrelevant,task_only,none,False,0,deepseek/deepseek-v4.1-flash,1.0,1.0,7.0,4.0,0.7708333333333334,1.0,3.0,0.0,,,False,False,0,False,False,0.75,True,on,25301,False,0.0225100746,65536,65536,3,0,51,91971,25874,0.0225,billed
s1_graph_given_r0,1,det,irrelevant,graph_given,none,False,0,deepseek/deepseek-v4.1-flash,1.0,1.0,4.0,4.0,1.0,1.0,0.0,0.0,,,False,False,0,True,True,1.0,True,on,3202,False,0.0062153799999999995,65536,65536,0,0,36,61244,3506,0.0062,billed
s1_model_first_r0,1,det,irrelevant,model_first,none,False,0,deepseek/deepseek-v4.1-flash,1.0,1.0,6.75,5.5,0.7666666666666667,0.7333333333333334,2.75,1.0,,,True,True,2,True,True,1.0,False,on,6427,False,0.01518106,65536,65536,0,0,60,189937,8902,0.0152,billed
s1_task_only_r0,1,det,irrelevant,task_only,none,False,0,deepseek/deepseek-v4.1-flash,1.0,1.0,8.25,6.0,0.7416666666666667,0.7541666666666667,4.25,1.75,,,True,True,1,True,True,1.0,False,on,12706,False,0.01627774,65536,65536,0,0,61,138505,13258,0.0163,billed
s13_graph_given_r0,13,det,irrelevant,graph_given,none,False,0,deepseek/deepseek-v4.1-flash,1.0,1.0,2.0,2.0,1.0,1.0,0.0,0.0,,,False,False,0,True,True,1.0,True,on,2050,False,0.00318381,65536,65536,0,0,20,24212,2269,0.0032,billed
s13_model_first_r0,13,det,irrelevant,model_first,none,False,0,deepseek/deepseek-v4.1-flash,1.0,1.0,3.75,2.0,0.8333333333333334,1.0,1.75,0.0,,,False,False,0,False,False,0.75,True,on,140176,False,0.09811972000000001,65536,65536,2,2,36,83743,142360,0.0981,billed
s13_task_only_r0,13,det,irrelevant,task_only,none,False,0,deepseek/deepseek-v4.1-flash,1.0,1.0,4.75,3.0,0.5416666666666666,0.6666666666666666,2.75,1.0,,,False,True,0,False,False,0.75,False,on,8206,False,0.012019764,65536,65536,0,0,35,49263,8614,0.012,billed
s25_graph_given_r0,25,det,irrelevant,graph_given,none,False,0,deepseek/deepseek-v4.1-flash,1.0,1.0,2.0,2.0,1.0,1.0,0.0,0.0,,,False,False,0,True,True,1.0,True,on,1395,False,0.002827392,65536,65536,0,0,20,23924,1675,0.0028,billed
s25_model_first_r0,25,det,irrelevant,model_first,none,False,0,deepseek/deepseek-v4.1-flash,1.0,1.0,4.5,4.0,0.5,0.5,2.5,2.0,,,False,True,0,False,False,0.75,False,on,78276,False,0.054875629599999996,65536,65536,1,1,46,123887,80313,0.0549,billed
s25_task_only_r0,25,det,irrelevant,task_only,none,False,0,deepseek/deepseek-v4.1-flash,1.0,0.75,5.25,13.0,0.5104166666666666,0.4,3.25,11.0,,,False,True,0,False,False,0.75,False,on,378563,False,0.26028241,65536,65536,5,5,89,279907,379221,0.2603,billed
s8_graph_given_r0,8,det,irrelevant,graph_given,none,False,0,deepseek/deepseek-v4.1-flash,1.0,1.0,2.0,2.0,1.0,1.0,0.0,0.0,,,False,False,0,True,True,1.0,True,on,1197,False,0.002825616,65536,65536,0,0,20,23924,1454,0.0028,billed
s8_model_first_r0,8,det,irrelevant,model_first,none,False,0,deepseek/deepseek-v4.1-flash,1.0,1.0,3.75,3.0,0.625,0.6666666666666666,1.75,1.0,,,False,True,0,False,False,0.75,False,on,73298,False,0.05457497,65536,65536,1,1,39,94026,75217,0.0546,billed
s8_task_only_r0,8,det,irrelevant,task_only,none,False,0,deepseek/deepseek-v4.1-flash,1.0,1.0,4.75,4.0,0.5416666666666666,0.5,2.75,2.0,,,False,True,0,False,False,0.75,False,on,6628,False,0.010405944,65536,65536,0,0,39,60614,7097,0.0104,billed
s0_graph_given_r0,0,det,no_change,graph_given,none,False,0,deepseek/deepseek-v4.1-flash,1.0,1.0,4.0,4.0,1.0,1.0,0.0,0.0,,,,,,True,,1.0,True,off,0,False,0.0048456,65536,65536,0,0,35,72036,1024,0.0048,billed
s0_model_first_r0,0,det,no_change,model_first,none,False,0,deepseek/deepseek-v4.1-flash,1.0,1.0,4.5,4.0,0.9583333333333334,1.0,0.5,0.0,,,,,,True,,1.0,True,off,0,False,0.0042571826,65536,65536,0,0,44,133010,2861,0.0043,billed
s0_task_only_r0,0,det,no_change,task_only,none,False,0,deepseek/deepseek-v4.1-flash,1.0,1.0,4.5,4.0,0.9583333333333334,1.0,0.5,0.0,,,,,,True,,1.0,True,off,0,False,0.00550832,65536,65536,0,0,37,73093,1329,0.0055,billed
s1_graph_given_r0,1,det,no_change,graph_given,none,False,0,deepseek/deepseek-v4.1-flash,1.0,1.0,4.0,4.0,1.0,1.0,0.0,0.0,,,,,,True,,1.0,True,off,0,False,0.00575299,65536,65536,0,0,35,75660,1171,0.0058,billed
s1_model_first_r0,1,det,no_change,model_first,none,False,0,deepseek/deepseek-v4.1-flash,1.0,1.0,6.75,5.0,0.7666666666666667,0.8,2.75,1.0,,,,,,True,,1.0,False,off,0,False,0.01654515,65536,65536,0,0,57,230565,4559,0.0165,billed
s1_task_only_r0,1,det,no_change,task_only,none,False,0,deepseek/deepseek-v4.1-flash,1.0,1.0,6.75,5.0,0.7666666666666667,0.8,2.75,1.0,,,,,,True,,1.0,False,off,0,False,0.00694741,65536,65536,0,0,50,113827,1241,0.0069,billed
s13_graph_given_r0,13,det,no_change,graph_given,none,False,0,deepseek/deepseek-v4.1-flash,1.0,1.0,2.0,2.0,1.0,1.0,0.0,0.0,,,,,,True,,1.0,True,off,0,False,0.00267078,65536,65536,0,0,19,25928,550,0.0027,billed
s13_model_first_r0,13,det,no_change,model_first,none,False,0,deepseek/deepseek-v4.1-flash,1.0,1.0,3.75,2.0,0.8333333333333334,1.0,1.75,0.0,,,,,,True,,1.0,True,off,0,False,0.00689459,65536,65536,0,0,33,77921,2399,0.0069,billed
s13_task_only_r0,13,det,no_change,task_only,none,False,0,deepseek/deepseek-v4.1-flash,1.0,1.0,3.75,2.0,0.8333333333333334,1.0,1.75,0.0,,,,,,True,,1.0,True,off,0,False,0.00210696,65536,65536,0,0,26,34840,729,0.0021,billed
s25_graph_given_r0,25,det,no_change,graph_given,none,False,0,deepseek/deepseek-v4.1-flash,1.0,1.0,2.0,2.0,1.0,1.0,0.0,0.0,,,,,,True,,1.0,True,off,0,False,0.001646556,65536,65536,0,0,19,24489,487,0.0016,billed
s25_model_first_r0,25,det,no_change,model_first,none,False,0,deepseek/deepseek-v4.1-flash,1.0,1.0,4.5,4.0,0.5,0.5,2.5,2.0,,,,,,True,,1.0,False,off,0,False,0.0070946416,65536,65536,0,0,44,133517,2984,0.0071,billed
s25_task_only_r0,25,det,no_change,task_only,none,False,0,deepseek/deepseek-v4.1-flash,1.0,1.0,6.0,6.0,0.5,0.5,4.0,4.0,,,,,,True,,1.0,False,off,0,False,0.00790197,65536,65536,0,0,51,117791,1289,0.0079,billed
s8_graph_given_r0,8,det,no_change,graph_given,none,False,0,deepseek/deepseek-v4.1-flash,1.0,1.0,2.0,2.0,1.0,1.0,0.0,0.0,,,,,,True,,1.0,True,off,0,False,0.0017604720000000001,65536,65536,0,0,19,26010,578,0.0018,billed
s8_model_first_r0,8,det,no_change,model_first,none,False,0,deepseek/deepseek-v4.1-flash,1.0,1.0,3.75,3.0,0.625,0.6666666666666666,1.75,1.0,,,,,,True,,1.0,False,off,0,False,0.0040307358,65536,65536,0,0,37,102985,2910,0.004,billed
s8_task_only_r0,8,det,no_change,task_only,none,False,0,deepseek/deepseek-v4.1-flash,1.0,1.0,4.5,4.0,0.6875,0.75,2.5,2.0,,,,,,True,,1.0,False,off,0,False,0.0033671400000000002,65536,65536,0,0,37,72539,1292,0.0034,billed
s0_graph_given_r0,0,det,no_change,graph_given,none,False,0,deepseek/deepseek-v4.1-flash,1.0,1.0,4.0,4.0,1.0,1.0,0.0,0.0,,,,,,True,,1.0,True,on,2893,False,0.00590524,65536,65536,0,0,35,59413,3224,0.0059,billed
s0_model_first_r0,0,det,no_change,model_first,none,False,0,deepseek/deepseek-v4.1-flash,1.0,1.0,4.5,4.0,0.9583333333333334,1.0,0.5,0.0,,,,,,True,,1.0,True,on,4068,False,0.00950696,65536,65536,4,0,48,122936,6514,0.0095,billed
s0_task_only_r0,0,det,no_change,task_only,none,False,0,deepseek/deepseek-v4.1-flash,1.0,1.0,6.75,5.0,0.8125,0.9166666666666667,2.75,1.0,,,,,,True,,1.0,True,on,18037,False,0.016467881,65536,65536,0,0,50,95210,18536,0.0165,billed
s1_graph_given_r0,1,det,no_change,graph_given,none,False,0,deepseek/deepseek-v4.1-flash,1.0,1.0,4.0,4.0,1.0,1.0,0.0,0.0,,,,,,True,,1.0,True,on,2812,False,0.00650818,65536,65536,0,0,35,58477,3134,0.0065,billed
s1_model_first_r0,1,det,no_change,model_first,none,False,0,deepseek/deepseek-v4.1-flash,1.0,1.0,6.75,5.0,0.7666666666666667,0.8,2.75,1.0,,,,,,True,,1.0,False,on,8739,False,0.01686392,65536,65536,0,0,57,173561,11140,0.0169,billed
s1_task_only_r0,1,det,no_change,task_only,none,False,0,deepseek/deepseek-v4.1-flash,1.0,1.0,10.75,8.0,0.6979166666666666,0.7095238095238096,6.75,4.0,,,,,,True,,1.0,False,on,22591,False,0.02628947,65536,65536,0,0,78,220004,23235,0.0263,billed
s13_graph_given_r0,13,det,no_change,graph_given,none,False,0,deepseek/deepseek-v4.1-flash,1.0,1.0,2.0,2.0,1.0,1.0,0.0,0.0,,,,,,True,,1.0,True,on,1445,False,0.00318056,65536,65536,0,0,19,22445,1636,0.0032,billed
s13_model_first_r0,13,det,no_change,model_first,none,False,0,deepseek/deepseek-v4.1-flash,1.0,1.0,4.0,2.0,0.75,1.0,2.0,0.0,,,,,,True,,1.0,True,on,2401,False,0.00844585,65536,65536,0,0,34,73297,4501,0.0084,billed
s13_task_only_r0,13,det,no_change,task_only,none,False,0,deepseek/deepseek-v4.1-flash,1.0,1.0,4.75,2.75,0.7083333333333334,0.9,2.75,0.75,,,,,,True,,1.0,True,on,3433,False,0.006233616,65536,65536,0,0,33,44620,3824,0.0062,billed
s25_graph_given_r0,25,det,no_change,graph_given,none,False,0,deepseek/deepseek-v4.1-flash,1.0,1.0,2.0,2.0,1.0,1.0,0.0,0.0,,,,,,True,,1.0,True,on,832,False,0.002363532,65536,65536,0,0,19,22181,1097,0.0024,billed
s25_model_first_r0,25,det,no_change,model_first,none,False,0,deepseek/deepseek-v4.1-flash,1.0,1.0,4.5,4.0,0.5,0.5,2.5,2.0,,,,,,True,,1.0,False,on,2186,False,0.0073198724,65536,65536,0,0,44,109734,4109,0.0073,billed
s25_task_only_r0,25,det,no_change,task_only,none,False,0,deepseek/deepseek-v4.1-flash,1.0,1.0,5.25,9.25,0.5694444444444444,0.5979166666666667,3.25,7.25,,,,,,True,,1.0,True,on,15183,False,0.01754387,65536,65536,0,0,61,137198,15675,0.0175,billed
s8_graph_given_r0,8,det,no_change,graph_given,none,False,0,deepseek/deepseek-v4.1-flash,1.0,1.0,2.0,2.0,1.0,1.0,0.0,0.0,,,,,,True,,1.0,True,on,929,False,0.002479932,65536,65536,0,0,19,22181,1194,0.0025,billed
s8_model_first_r0,8,det,no_change,model_first,none,False,0,deepseek/deepseek-v4.1-flash,1.0,1.0,3.75,3.0,0.625,0.6666666666666666,1.75,1.0,,,,,,True,,1.0,False,on,1893,False,0.00837968,65536,65536,0,0,37,85694,3832,0.0084,billed
s8_task_only_r0,8,det,no_change,task_only,none,False,0,deepseek/deepseek-v4.1-flash,1.0,1.0,6.0,3.0,0.5,0.6666666666666666,4.0,1.0,,,,,,True,,1.0,False,on,3155,False,0.006296268,65536,65536,0,0,39,60013,3603,0.0063,billed
s0_graph_given_r0,0,det,redirect,graph_given,none,False,0,deepseek/deepseek-v4.1-flash,1.0,1.0,4.0,4.0,1.0,0.75,0.0,1.0,,,False,True,0,True,True,1.0,False,off,0,False,0.0055517,65536,65536,0,0,36,69228,670,0.0056,billed
s0_model_first_r0,0,det,redirect,model_first,none,False,0,deepseek/deepseek-v4.1-flash,1.0,1.0,4.5,3.0,0.9583333333333334,1.0,0.5,0.0,,,True,True,4,True,True,1.0,True,off,0,False,0.0044455172,65536,65536,0,0,41,133079,3768,0.0044,billed
s0_task_only_r0,0,det,redirect,task_only,none,False,0,deepseek/deepseek-v4.1-flash,1.0,1.0,6.0,5.0,0.8333333333333334,0.8,2.0,2.0,,,True,True,4,True,True,1.0,False,off,0,False,0.00540463,65536,65536,0,0,48,105639,1242,0.0054,billed
s1_graph_given_r0,1,det,redirect,graph_given,none,False,0,deepseek/deepseek-v4.1-flash,1.0,1.0,4.0,5.0,1.0,0.8,0.0,1.0,,,True,True,4,True,True,1.0,False,off,0,False,0.00932833,65536,65536,0,0,40,99146,1369,0.0093,billed
s1_model_first_r0,1,det,redirect,model_first,none,False,0,deepseek/deepseek-v4.1-flash,1.0,1.0,6.75,5.0,0.7666666666666667,0.8,2.75,1.0,,,False,True,0,False,False,0.75,False,off,0,False,0.01627403,65536,65536,0,0,58,236951,4469,0.0163,billed
s1_task_only_r0,1,det,redirect,task_only,none,False,0,deepseek/deepseek-v4.1-flash,1.0,1.0,12.0,13.0,0.6666666666666666,0.5384615384615384,8.0,9.0,,,True,True,4,False,False,0.75,False,off,0,False,0.02162402,65536,65536,0,0,104,446431,2294,0.0216,billed
s13_graph_given_r0,13,det,redirect,graph_given,none,False,0,deepseek/deepseek-v4.1-flash,1.0,1.0,2.0,1.0,1.0,1.0,0.0,0.0,,,True,True,4,True,True,1.0,True,off,0,False,0.00182774,65536,65536,0,0,16,19209,450,0.0018,billed
s13_model_first_r0,13,det,redirect,model_first,none,False,0,deepseek/deepseek-v4.1-flash,1.0,1.0,3.75,1.0,0.8333333333333334,1.0,1.75,0.0,,,True,True,4,True,True,1.0,True,off,0,False,0.0049198504,65536,65536,0,0,30,82241,3796,0.0049,billed
s13_task_only_r0,13,det,redirect,task_only,none,False,0,deepseek/deepseek-v4.1-flash,1.0,1.0,4.5,3.0,0.5833333333333333,0.6666666666666666,2.5,2.0,,,False,True,0,False,False,0.75,False,off,0,False,0.002881956,65536,65536,0,0,34,60699,1088,0.0029,billed
s25_graph_given_r0,25,det,redirect,graph_given,none,False,0,deepseek/deepseek-v4.1-flash,1.0,1.0,2.0,1.0,1.0,1.0,0.0,0.0,,,True,True,4,True,True,1.0,True,off,0,False,0.001359252,65536,65536,0,0,16,19859,527,0.0014,billed
s25_model_first_r0,25,det,redirect,model_first,none,False,0,deepseek/deepseek-v4.1-flash,1.0,1.0,4.5,4.0,0.5,0.5,2.5,3.0,,,False,True,0,False,True,0.75,False,off,0,False,0.0051825344,65536,65536,0,0,45,146771,3287,0.0052,billed
s25_task_only_r0,25,det,redirect,task_only,none,False,0,deepseek/deepseek-v4.1-flash,1.0,1.0,3.0,1.0,0.875,1.0,1.0,0.0,,,True,True,4,True,True,1.0,True,off,0,False,0.00260218,65536,65536,0,0,20,22566,642,0.0026,billed
s8_graph_given_r0,8,det,redirect,graph_given,none,False,0,deepseek/deepseek-v4.1-flash,1.0,1.0,2.0,2.0,1.0,1.0,0.0,0.0,,,True,True,4,True,True,1.0,True,off,0,False,0.001403736,65536,65536,0,0,20,25358,381,0.0014,billed
s8_model_first_r0,8,det,redirect,model_first,none,False,0,deepseek/deepseek-v4.1-flash,1.0,1.0,3.75,3.0,0.625,0.6666666666666666,1.75,1.0,,,False,True,0,False,False,0.75,False,off,0,False,0.0045599268,65536,65536,0,0,38,116934,3394,0.0046,billed
s8_task_only_r0,8,det,redirect,task_only,none,False,0,deepseek/deepseek-v4.1-flash,1.0,1.0,4.5,4.0,0.6875,0.75,2.5,2.0,,,True,True,4,True,True,1.0,False,off,0,False,0.002817612,65536,65536,0,0,38,66585,880,0.0028,billed
s0_graph_given_r0,0,det,redirect,graph_given,none,False,0,deepseek/deepseek-v4.1-flash,1.0,1.0,4.0,3.0,1.0,1.0,0.0,0.0,,,True,True,4,True,True,1.0,True,on,4271,False,0.0064835,65536,65536,0,0,32,50762,4566,0.0065,billed
s0_model_first_r0,0,det,redirect,model_first,none,False,0,deepseek/deepseek-v4.1-flash,1.0,1.0,4.5,3.0,0.9583333333333334,1.0,0.5,0.0,,,True,True,4,True,True,1.0,True,on,3748,False,0.00848942,65536,65536,1,0,42,102486,5983,0.0085,billed
s0_task_only_r0,0,det,redirect,task_only,none,False,0,deepseek/deepseek-v4.1-flash,1.0,1.0,4.5,3.0,0.9583333333333334,1.0,0.5,0.0,,,True,True,4,True,True,1.0,True,on,8857,False,0.007192868,65536,65536,0,0,34,47146,9243,0.0072,billed
s1_graph_given_r0,1,det,redirect,graph_given,none,False,0,deepseek/deepseek-v4.1-flash,1.0,1.0,4.0,4.0,1.0,1.0,0.0,0.0,,,False,False,0,True,True,1.0,True,on,3001,False,0.00608962,65536,65536,0,0,36,61244,3346,0.0061,billed
s1_model_first_r0,1,det,redirect,model_first,none,False,0,deepseek/deepseek-v4.1-flash,1.0,1.0,6.75,5.0,0.7666666666666667,0.8,2.75,1.0,,,False,True,0,False,False,0.75,False,on,72525,False,0.058201010000000004,65536,65536,2,1,60,188867,75081,0.0582,billed
s1_task_only_r0,1,det,redirect,task_only,none,False,0,deepseek/deepseek-v4.1-flash,1.0,1.0,8.0,8.25,0.7327380952380953,0.6820075757575758,4.0,4.25,,,True,True,3,False,True,0.75,False,on,17724,False,0.02118536,65536,65536,0,0,69,173639,18300,0.0212,billed
s13_graph_given_r0,13,det,redirect,graph_given,none,False,0,deepseek/deepseek-v4.1-flash,1.0,1.0,2.0,1.0,1.0,1.0,0.0,0.0,,,True,True,4,True,True,1.0,True,on,1267,False,0.00243369,65536,65536,0,0,16,16842,1441,0.0024,billed
s13_model_first_r0,13,det,redirect,model_first,none,False,0,deepseek/deepseek-v4.1-flash,1.0,1.0,3.75,1.0,0.8333333333333334,1.0,1.75,0.0,,,True,True,4,True,True,1.0,True,on,3998,False,0.009354,65536,65536,1,0,31,72761,6900,0.0094,billed
s13_task_only_r0,13,det,redirect,task_only,none,False,0,deepseek/deepseek-v4.1-flash,1.0,1.0,4.5,3.0,0.5833333333333333,0.6666666666666666,2.5,2.0,,,False,True,0,False,True,0.75,False,on,76261,False,0.092760336,65536,65536,2,1,36,51195,76650,0.0928,billed
s25_graph_given_r0,25,det,redirect,graph_given,none,False,0,deepseek/deepseek-v4.1-flash,1.0,1.0,2.0,1.0,1.0,1.0,0.0,0.0,,,True,True,4,True,True,1.0,True,on,781,False,0.001783224,65536,65536,0,0,16,16698,1012,0.0018,billed
s25_model_first_r0,25,det,redirect,model_first,none,False,0,deepseek/deepseek-v4.1-flash,1.0,1.0,4.5,4.0,0.5,0.5,2.5,3.0,,,False,True,0,False,True,0.75,False,on,6764,False,0.0077069264,65536,65536,0,0,45,119098,8832,0.0077,billed
s25_task_only_r0,25,det,redirect,task_only,none,False,0,deepseek/deepseek-v4.1-flash,1.0,1.0,5.25,6.75,0.5416666666666666,0.5138888888888888,3.25,5.75,,,False,True,0,False,False,0.75,False,on,212105,False,0.151037784,65536,65536,3,3,55,109755,212619,0.151,billed
s8_graph_given_r0,8,det,redirect,graph_given,none,False,0,deepseek/deepseek-v4.1-flash,1.0,1.0,2.0,2.0,1.0,1.0,0.0,0.0,,,True,True,4,True,True,1.0,True,on,1207,False,0.002865216,65536,65536,0,0,20,23924,1487,0.0029,billed
s8_model_first_r0,8,det,redirect,model_first,none,False,0,deepseek/deepseek-v4.1-flash,1.0,1.0,3.75,3.0,0.625,0.6666666666666666,1.75,1.0,,,False,True,0,False,False,0.75,False,on,266975,False,0.18092913,65536,65536,4,4,42,109670,269113,0.1809,billed
s8_task_only_r0,8,det,redirect,task_only,none,False,0,deepseek/deepseek-v4.1-flash,1.0,1.0,5.75,4.0,0.48214285714285715,0.5,3.75,2.0,,,False,True,0,False,False,0.75,False,on,210624,False,0.25560714,65536,65536,3,3,46,80363,211104,0.2556,billed
s0_graph_given_r0,0,det,silent_break,graph_given,none,False,0,deepseek/deepseek-v4.1-flash,1.0,1.0,4.0,4.0,1.0,1.0,0.0,0.0,,,True,True,0,True,True,1.0,True,off,0,False,0.004671575,65536,65536,0,0,36,68759,675,0.0047,billed
s0_model_first_r0,0,det,silent_break,model_first,none,False,0,deepseek/deepseek-v4.1-flash,1.0,1.0,4.0,4.5,1.0,0.9,0.0,0.0,,,True,True,2,True,True,1.0,True,off,0,False,0.0061883172,65536,65536,0,0,45,156544,3786,0.0062,billed
s0_task_only_r0,0,det,silent_break,task_only,none,False,0,deepseek/deepseek-v4.1-flash,1.0,1.0,6.0,4.25,0.8333333333333334,0.95,2.0,0.0,,,True,True,1,True,True,1.0,True,off,0,False,0.00582534,65536,65536,0,0,45,103045,1541,0.0058,billed
s1_graph_given_r0,1,det,silent_break,graph_given,none,False,0,deepseek/deepseek-v4.1-flash,1.0,1.0,4.0,4.0,1.0,1.0,0.0,0.0,,,True,True,0,True,True,1.0,True,off,0,False,0.00564711,65536,65536,0,0,36,81116,1271,0.0056,billed
s1_model_first_r0,1,det,silent_break,model_first,none,False,0,deepseek/deepseek-v4.1-flash,1.0,1.0,6.75,5.0,0.7666666666666667,0.8,2.75,1.0,,,False,True,0,False,False,0.75,False,off,0,False,0.01312392,65536,65536,0,0,58,225193,4008,0.0131,billed
s1_task_only_r0,1,det,silent_break,task_only,none,False,0,deepseek/deepseek-v4.1-flash,1.0,1.0,6.75,5.0,0.7666666666666667,0.8,2.75,1.0,,,False,True,0,False,False,0.75,False,off,0,False,0.00755707,65536,65536,0,0,51,119699,1343,0.0076,billed
s13_graph_given_r0,13,det,silent_break,graph_given,none,False,0,deepseek/deepseek-v4.1-flash,1.0,1.0,2.0,3.0,1.0,1.0,0.0,0.0,,,True,True,0,True,True,1.0,True,off,0,False,0.00290864,65536,65536,0,0,24,37854,728,0.0029,billed
s13_model_first_r0,13,det,silent_break,model_first,none,False,0,deepseek/deepseek-v4.1-flash,1.0,1.0,3.75,3.25,0.8333333333333334,0.9375,1.75,0.0,,,True,True,1,True,True,1.0,True,off,0,False,0.0084489308,65536,65536,0,0,39,119747,3621,0.0084,billed
s13_task_only_r0,13,det,silent_break,task_only,none,False,0,deepseek/deepseek-v4.1-flash,1.0,1.0,4.5,3.0,0.5833333333333333,1.0,2.5,0.0,,,False,False,0,False,False,0.75,True,off,0,False,0.002623032,65536,65536,0,0,34,55290,876,0.0026,billed
s25_graph_given_r0,25,det,silent_break,graph_given,none,False,0,deepseek/deepseek-v4.1-flash,1.0,1.0,2.0,3.0,1.0,1.0,0.0,0.0,,,True,True,0,True,True,1.0,True,off,0,False,0.00212634,65536,65536,0,0,24,39019,798,0.0021,billed
s25_model_first_r0,25,det,silent_break,model_first,none,False,0,deepseek/deepseek-v4.1-flash,1.0,1.0,4.5,4.0,0.5,0.75,2.5,1.0,,,False,True,0,False,True,0.75,False,off,0,False,0.00453346,65536,65536,0,0,45,137293,2888,0.0045,billed
s25_task_only_r0,25,det,silent_break,task_only,none,False,0,deepseek/deepseek-v4.1-flash,1.0,1.0,6.0,5.0,0.5,0.6,4.0,1.0,,,True,True,4,True,True,1.0,False,off,0,False,0.00674596,65536,65536,0,0,48,109260,1332,0.0067,billed
s8_graph_given_r0,8,det,silent_break,graph_given,none,False,0,deepseek/deepseek-v4.1-flash,1.0,1.0,2.0,3.0,1.0,1.0,0.0,0.0,,,True,True,0,True,True,1.0,True,off,0,False,0.0025698599999999998,65536,65536,0,0,24,40477,925,0.0026,billed
s8_model_first_r0,8,det,silent_break,model_first,none,False,0,deepseek/deepseek-v4.1-flash,1.0,1.0,4.5,3.25,0.6875,0.9375,2.5,0.0,,,True,True,1,True,True,1.0,True,off,0,False,0.0043748601,65536,65536,0,0,42,123694,3034,0.0044,billed
s8_task_only_r0,8,det,silent_break,task_only,none,False,0,deepseek/deepseek-v4.1-flash,1.0,1.0,4.5,3.25,0.6875,0.9375,2.5,0.0,,,True,True,1,True,True,1.0,True,off,0,False,0.002981688,65536,65536,0,0,35,61222,1009,0.003,billed
s0_graph_given_r0,0,det,silent_break,graph_given,none,False,0,deepseek/deepseek-v4.1-flash,1.0,1.0,4.0,4.0,1.0,1.0,0.0,0.0,,,True,True,0,True,True,1.0,True,on,3957,False,0.00600526,65536,65536,0,0,36,62228,4286,0.006,billed
s0_model_first_r0,0,det,silent_break,model_first,none,False,0,deepseek/deepseek-v4.1-flash,1.0,1.0,4.5,4.5,0.9583333333333334,0.9,0.5,0.0,,,True,True,2,True,True,1.0,True,on,3663,False,0.00902186,65536,65536,0,0,47,130661,6084,0.009,billed
s0_task_only_r0,0,det,silent_break,task_only,none,False,0,deepseek/deepseek-v4.1-flash,1.0,1.0,9.25,6.25,0.7371794871794872,0.775,5.25,1.75,,,True,True,2,True,True,1.0,True,on,26419,False,0.0199914182,65536,65536,0,0,66,159723,27085,0.02,billed
s1_graph_given_r0,1,det,silent_break,graph_given,none,False,0,deepseek/deepseek-v4.1-flash,1.0,1.0,4.0,4.0,1.0,1.0,0.0,0.0,,,False,False,0,True,True,1.0,True,on,3054,False,0.00548263,65536,65536,0,0,36,61244,3383,0.0055,billed
s1_model_first_r0,1,det,silent_break,model_first,none,False,0,deepseek/deepseek-v4.1-flash,1.0,1.0,6.75,5.0,0.7666666666666667,0.8,2.75,1.0,,,False,True,0,False,False,0.75,False,on,7893,False,0.01588342,65536,65536,0,0,58,184707,10554,0.0159,billed
s1_task_only_r0,1,det,silent_break,task_only,none,False,0,deepseek/deepseek-v4.1-flash,1.0,1.0,12.25,11.25,0.660848954966602,0.45292207792207795,8.25,6.25,,,True,True,4,True,True,1.0,False,on,243433,False,0.1756492,65536,65536,3,3,101,358642,244240,0.1756,billed
s13_graph_given_r0,13,det,silent_break,graph_given,none,False,0,deepseek/deepseek-v4.1-flash,1.0,1.0,2.0,3.0,1.0,1.0,0.0,0.0,,,True,True,0,True,True,1.0,True,on,2213,False,0.00369673,65536,65536,0,0,24,32528,2441,0.0037,billed
s13_model_first_r0,13,det,silent_break,model_first,none,False,0,deepseek/deepseek-v4.1-flash,1.0,1.0,3.75,3.5,0.8333333333333334,0.875,1.75,0.0,,,True,True,2,True,True,1.0,True,on,5247,False,0.01156986,65536,65536,0,0,40,103960,7706,0.0116,billed
s13_task_only_r0,13,det,silent_break,task_only,none,False,0,deepseek/deepseek-v4.1-flash,1.0,1.0,4.5,3.0,0.5833333333333333,1.0,2.5,0.0,,,False,False,0,False,True,0.75,True,on,8400,False,0.012029112,65536,65536,0,0,34,46798,8799,0.012,billed
s25_graph_given_r0,25,det,silent_break,graph_given,none,False,0,deepseek/deepseek-v4.1-flash,1.0,1.0,2.0,3.0,1.0,1.0,0.0,0.0,,,True,True,0,True,True,1.0,True,on,1729,False,0.00345444,65536,65536,0,0,24,32174,2048,0.0035,billed
s25_model_first_r0,25,det,silent_break,model_first,none,False,0,deepseek/deepseek-v4.1-flash,1.0,1.0,4.5,4.0,0.5,0.75,2.5,1.0,,,False,True,0,False,True,0.75,False,on,7564,False,0.01246378,65536,65536,0,0,45,113981,9507,0.0125,billed
s25_task_only_r0,25,det,silent_break,task_only,none,False,0,deepseek/deepseek-v4.1-flash,1.0,1.0,4.5,3.75,0.5833333333333333,0.9583333333333334,2.5,0.75,,,False,True,0,False,False,0.75,True,on,11091,False,0.010921759999999999,65536,65536,0,0,37,54286,11448,0.0109,billed
s8_graph_given_r0,8,det,silent_break,graph_given,none,False,0,deepseek/deepseek-v4.1-flash,1.0,1.0,2.0,3.0,1.0,1.0,0.0,0.0,,,True,True,0,True,True,1.0,True,on,1572,False,0.003526032,65536,65536,0,0,24,32288,1891,0.0035,billed
s8_model_first_r0,8,det,silent_break,model_first,none,False,0,deepseek/deepseek-v4.1-flash,1.0,1.0,3.75,3.0,0.625,1.0,1.75,0.0,,,False,False,0,False,True,0.75,True,on,6441,False,0.010142690000000001,65536,65536,0,0,38,82444,8013,0.0101,billed
s8_task_only_r0,8,det,silent_break,task_only,none,False,0,deepseek/deepseek-v4.1-flash,1.0,1.0,5.0,4.0,0.5,0.75,3.0,1.0,,,False,True,0,False,False,0.75,True,on,204082,False,0.247575012,65536,65536,3,3,43,70919,204545,0.2476,billed
s0_graph_given_r0,0,sto,degradation,graph_given,none,False,0,deepseek/deepseek-v4.1-flash,1.0,1.0,5.25,6.0,0.95,1.0,0.0,0.0,,,True,True,0,True,True,1.0,True,off,0,False,0.005189868,65536,65536,0,0,49,150753,1948,0.0052,billed
s0_model_first_r0,0,sto,degradation,model_first,none,False,0,deepseek/deepseek-v4.1-flash,1.0,1.0,8.5,7.25,0.8611111111111112,0.7138888888888889,3.0292018511533207,0.8620823146971075,,,True,True,8,False,True,0.75,False,off,0,False,0.0108923,65536,65536,0,0,74,379982,5415,0.0109,billed
s0_task_only_r0,0,sto,degradation,task_only,none,False,0,deepseek/deepseek-v4.1-flash,1.0,1.0,7.5,11.0,0.8511904761904762,0.6944444444444444,2.747627212940513,3.8907838961420396,,,True,True,6,False,False,0.75,False,off,0,False,0.01534715,65536,65536,0,0,78,294283,2527,0.0153,billed
s1_graph_given_r0,1,sto,degradation,graph_given,none,False,0,deepseek/deepseek-v4.1-flash,1.0,1.0,5.5,11.0,0.6285714285714286,0.6894230769230769,0.7809232952745431,1.761922017877743,,,True,True,20,True,True,1.0,False,off,0,False,0.007180068,65536,65536,0,0,70,277879,2401,0.0072,billed
s1_model_first_r0,1,sto,degradation,model_first,none,False,0,deepseek/deepseek-v4.1-flash,1.0,1.0,7.5,10.25,0.75,0.7957887700534759,3.4461488208878404,3.2968594007235668,,,True,True,2,True,True,1.0,True,off,0,False,0.015799678,65536,65536,0,0,82,535951,7809,0.0158,billed
s1_task_only_r0,1,sto,degradation,task_only,none,False,0,deepseek/deepseek-v4.1-flash,1.0,1.0,6.75,13.0,0.5678571428571428,0.577457264957265,2.0340068371028255,5.978816265262925,,,True,True,12,False,False,0.75,False,off,0,False,0.01306621,65536,65536,0,0,83,311136,2294,0.0131,billed
s13_graph_given_r0,13,sto,degradation,graph_given,none,False,0,deepseek/deepseek-v4.1-flash,1.0,1.0,3.75,5.0,0.8125,0.45714285714285713,0.4528226303463576,0.692857209125405,,,True,True,0,True,True,1.0,False,off,0,False,0.003845484,65536,65536,0,0,39,99385,1502,0.0038,billed
s13_model_first_r0,13,sto,degradation,model_first,none,False,0,deepseek/deepseek-v4.1-flash,0.75,1.0,6.666666666666667,5.5,0.475,0.46111111111111114,3.946229986395844,0.6705837836261732,,,False,True,3,True,True,1.0,False,off,0,False,0.013508316,65536,65536,0,0,73,370591,6161,0.0135,billed
s13_task_only_r0,13,sto,degradation,task_only,none,False,0,deepseek/deepseek-v4.1-flash,1.0,1.0,6.25,6.25,0.6488095238095238,0.5734126984126984,2.681559872352965,1.1185945958530397,,,True,True,7,False,True,0.75,False,off,0,False,0.00823777,65536,65536,0,0,54,137173,1533,0.0082,billed
s25_graph_given_r0,25,sto,degradation,graph_given,none,False,0,deepseek/deepseek-v4.1-flash,1.0,1.0,3.0,3.5,0.6666666666666666,1.0,0.6919198783778344,0.0,,,False,False,0,True,True,1.0,True,off,0,False,0.002500188,65536,65536,0,0,30,57065,863,0.0025,billed
s25_model_first_r0,25,sto,degradation,model_first,none,False,0,deepseek/deepseek-v4.1-flash,1.0,1.0,6.25,3.75,0.47115384615384615,0.9,4.1045034104521605,0.0,,,False,True,0,True,False,0.5,True,off,0,False,0.0104510934,65536,65536,0,0,51,204356,5182,0.0105,billed
s25_task_only_r0,25,sto,degradation,task_only,none,False,0,deepseek/deepseek-v4.1-flash,1.0,1.0,5.0,5.25,0.7628205128205128,0.475,2.5813304599294815,1.1386099166225065,,,True,True,4,False,False,0.75,False,off,0,False,0.001844752,65536,65536,0,0,45,93103,1087,0.0018,billed
s8_graph_given_r0,8,sto,degradation,graph_given,none,False,0,deepseek/deepseek-v4.1-flash,1.0,1.0,2.0,3.25,1.0,0.625,0.0,0.23945501825626359,,,True,False,0,True,True,1.0,False,off,0,False,0.00230718,65536,65536,0,0,25,45949,941,0.0023,billed
s8_model_first_r0,8,sto,degradation,model_first,none,False,0,deepseek/deepseek-v4.1-flash,1.0,1.0,4.75,3.25,0.6041666666666666,0.625,2.549770932711343,0.23945501825626359,,,False,True,0,False,False,0.75,False,off,0,False,0.01210673,65536,65536,0,0,43,160207,4549,0.0121,billed
s8_task_only_r0,8,sto,degradation,task_only,none,False,0,deepseek/deepseek-v4.1-flash,1.0,1.0,4.75,4.0,0.6916666666666667,0.75,2.5609506074558857,1.9805767101559801,,,True,True,4,False,True,0.75,False,off,0,False,0.001496292,65536,65536,0,0,39,77724,1245,0.0015,billed
s0_graph_given_r0,0,sto,degradation,graph_given,none,False,0,deepseek/deepseek-v4.1-flash,1.0,1.0,5.0,6.0,1.0,1.0,0.0,0.0,False,,True,True,0,True,True,1.0,True,on,9781,False,0.01192345,65536,65536,0,0,48,104709,10229,0.0119,billed
s0_model_first_r0,0,sto,degradation,model_first,none,False,0,deepseek/deepseek-v4.1-flash,1.0,1.0,5.5,8.75,0.9583333333333334,0.7416666666666666,0.6517379679144388,1.7527827977888948,False,,True,True,7,True,False,1.0,False,on,14841,False,0.010578904000000002,65536,65536,0,0,68,277327,18209,0.0106,billed
s0_task_only_r0,0,sto,degradation,task_only,none,False,0,deepseek/deepseek-v4.1-flash,1.0,1.0,5.5,7.25,0.9583333333333334,0.7138888888888888,0.6517379679144388,1.0844193996367917,False,,True,True,9,False,True,1.0,False,on,23047,False,0.02330931,65536,65536,0,0,55,115565,23535,0.0233,billed
s1_graph_given_r0,1,sto,degradation,graph_given,none,False,0,deepseek/deepseek-v4.1-flash,1.0,1.0,4.5,6.75,1.0,0.975,8.881784197001252e-16,0.0,False,,True,True,0,True,True,1.0,True,on,12325,False,0.01179573,65536,65536,0,0,49,110411,12908,0.0118,billed
s1_model_first_r0,1,sto,degradation,model_first,none,False,0,deepseek/deepseek-v4.1-flash,1.0,1.0,7.5,11.25,0.5750000000000001,0.6293956043956044,2.6732084315283005,3.121923605485242,True,True,True,True,16,False,True,1.0,False,on,20988,False,0.03604941,65536,65536,0,0,86,415726,24804,0.036,billed
s1_task_only_r0,1,sto,degradation,task_only,none,False,0,deepseek/deepseek-v4.1-flash,1.0,1.0,7.5,15.25,0.5750000000000001,0.6403123192596877,2.6732084315283005,6.565823392410899,True,True,True,True,22,False,True,1.0,False,on,68525,False,0.05974437999999999,65536,65536,0,0,95,322402,69290,0.0597,billed
s13_graph_given_r0,13,sto,degradation,graph_given,none,False,0,deepseek/deepseek-v4.1-flash,1.0,1.0,3.5,5.0,1.0,0.9444444444444444,0.0,0.022273425499232058,False,,True,False,10,True,True,1.0,True,on,10999,False,0.015743003999999998,65536,65536,1,0,39,72901,11452,0.0157,billed
s13_model_first_r0,13,sto,degradation,model_first,none,False,0,deepseek/deepseek-v4.1-flash,1.0,1.0,7.25,5.0,0.5333333333333333,0.45714285714285713,3.819808720279233,0.692857209125405,False,,False,True,0,False,False,0.75,False,on,14400,False,0.01719483,65536,65536,0,0,60,213921,17917,0.0172,billed
s13_task_only_r0,13,sto,degradation,task_only,none,False,0,deepseek/deepseek-v4.1-flash,1.0,1.0,7.0,4.25,0.6791666666666667,0.5916666666666667,3.366986089932875,0.08909370199692823,False,,False,True,0,False,False,0.75,False,on,230736,False,0.15694554,65536,65536,3,3,52,101575,231217,0.1569,billed
s25_graph_given_r0,25,sto,degradation,graph_given,none,False,0,deepseek/deepseek-v4.1-flash,1.0,1.0,2.5,3.5,0.9166666666666666,1.0,0.1729799695944586,0.0,False,,True,True,0,True,True,1.0,True,on,5171,False,0.00630136,65536,65536,0,0,28,42498,5456,0.0063,billed
s25_model_first_r0,25,sto,degradation,model_first,none,False,0,deepseek/deepseek-v4.1-flash,1.0,1.0,5.75,5.0,0.3611111111111111,0.5083333333333333,3.011772229251191,1.6077311387521447,False,,False,True,0,True,False,0.75,False,on,147121,False,0.10717002,65536,65536,2,2,56,191493,150246,0.1072,billed
s25_task_only_r0,25,sto,degradation,task_only,none,False,0,deepseek/deepseek-v4.1-flash,1.0,1.0,8.75,8.0,0.4708333333333333,0.796875,5.798684310834353,3.8382085851173606,False,,False,True,0,False,False,0.75,True,on,106937,False,0.0810640148,65536,65536,1,1,72,187103,107550,0.0811,billed
s8_graph_given_r0,8,sto,degradation,graph_given,none,False,0,deepseek/deepseek-v4.1-flash,1.0,1.0,2.0,2.5,1.0,0.9166666666666666,0.0,0.059863754564065896,False,,True,False,4,True,True,1.0,False,on,3371,False,0.005358876,65536,65536,0,0,22,29153,3669,0.0054,billed
s8_model_first_r0,8,sto,degradation,model_first,none,False,0,deepseek/deepseek-v4.1-flash,1.0,1.0,5.0,3.25,0.5979166666666667,0.625,2.5672701840722456,0.23945501825626359,False,,False,True,0,False,False,0.75,False,on,83363,False,0.06457214000000001,65536,65536,1,1,45,139641,86538,0.0646,billed
s8_task_only_r0,8,sto,degradation,task_only,none,False,0,deepseek/deepseek-v4.1-flash,1.0,1.0,4.75,4.25,0.7333333333333334,0.7625,2.5609506074558857,2.5609506074558857,False,,True,True,5,False,False,0.5,False,on,14881,False,0.01297693,65536,65536,0,0,40,62884,15245,0.013,billed
s0_graph_given_r0,0,sto,hard_removal,graph_given,none,False,0,deepseek/deepseek-v4.1-flash,1.0,1.0,5.0,6.0,1.0,0.9722222222222222,0.0,0.04876776496951374,,,True,True,0,True,True,1.0,True,off,0,False,0.004824948,65536,65536,0,0,48,141919,1814,0.0048,billed
s0_model_first_r0,0,sto,hard_removal,model_first,none,False,0,deepseek/deepseek-v4.1-flash,1.0,1.0,7.5,7.5,0.8869047619047619,0.7291666666666667,2.4942704354469063,1.3491441668875832,,,True,True,0,True,True,1.0,False,off,0,False,0.01064064,65536,65536,0,0,71,347118,5430,0.0106,billed
s0_task_only_r0,0,sto,hard_removal,task_only,none,False,0,deepseek/deepseek-v4.1-flash,1.0,1.0,5.5,8.25,0.875,0.5596153846153846,0.6517379679144388,2.3430469546980652,,,True,True,0,False,True,1.0,False,off,0,False,0.01017918,65536,65536,0,0,59,170687,1874,0.0102,billed
s1_graph_given_r0,1,sto,hard_removal,graph_given,none,False,0,deepseek/deepseek-v4.1-flash,1.0,1.0,5.5,8.5,0.6285714285714286,0.8240079365079365,0.7809232952745431,1.6733520808817386,,,True,True,0,True,True,1.0,False,off,0,False,0.005849424,65536,65536,0,0,60,201948,1992,0.0058,billed
s1_model_first_r0,1,sto,hard_removal,model_first,none,False,0,deepseek/deepseek-v4.1-flash,1.0,0.0,6.75,,0.6035714285714285,0.525,2.0340068371028255,,,,True,True,0,True,True,1.0,False,off,0,False,0.04202604,65536,65536,0,0,118,904837,7560,0.042,billed
s1_task_only_r0,1,sto,hard_removal,task_only,none,False,0,deepseek/deepseek-v4.1-flash,1.0,0.0,6.5,,0.7333333333333334,0.3125,1.8494168828775273,,,,True,True,0,True,True,1.0,False,off,0,False,0.0220915,65536,65536,0,0,110,575749,3569,0.0221,billed
s13_graph_given_r0,13,sto,hard_removal,graph_given,none,False,0,deepseek/deepseek-v4.1-flash,1.0,1.0,3.5,4.25,1.0,1.0,0.0,0.0,,,True,True,0,True,True,1.0,True,off,0,False,0.003270792,65536,65536,0,0,35,77486,1198,0.0033,billed
s13_model_first_r0,13,sto,hard_removal,model_first,none,False,0,deepseek/deepseek-v4.1-flash,0.75,1.0,4.666666666666667,4.25,0.6327380952380952,1.0,1.8311879557190884,0.0,,,False,False,0,False,False,0.75,True,off,0,False,0.0111001888,65536,65536,0,0,62,284246,5830,0.0111,billed
s13_task_only_r0,13,sto,hard_removal,task_only,none,False,0,deepseek/deepseek-v4.1-flash,1.0,1.0,6.25,6.25,0.6488095238095238,0.6348214285714285,2.681559872352965,1.5443319825806734,,,True,True,0,True,True,1.0,False,off,0,False,0.00754047,65536,65536,0,0,54,143314,1751,0.0075,billed
s25_graph_given_r0,25,sto,hard_removal,graph_given,none,False,0,deepseek/deepseek-v4.1-flash,1.0,1.0,3.0,3.5,0.6666666666666666,1.0,0.6919198783778344,0.0,,,False,False,0,True,True,1.0,True,off,0,False,0.003015624,65536,65536,0,0,30,63842,1229,0.003,billed
s25_model_first_r0,25,sto,hard_removal,model_first,none,False,0,deepseek/deepseek-v4.1-flash,1.0,1.0,6.25,5.75,0.47115384615384615,0.726388888888889,4.1045034104521605,2.2985295352650774,,,False,True,0,False,False,0.75,False,off,0,False,0.0146788396,65536,65536,0,0,59,234458,4215,0.0147,billed
s25_task_only_r0,25,sto,hard_removal,task_only,none,False,0,deepseek/deepseek-v4.1-flash,1.0,1.0,8.25,5.0,0.3214285714285714,0.5083333333333333,6.107688011894169,1.6077311387521447,,,True,True,0,False,True,0.75,False,off,0,False,0.0025908512,65536,65536,0,0,57,157668,1704,0.0026,billed
s8_graph_given_r0,8,sto,hard_removal,graph_given,none,False,0,deepseek/deepseek-v4.1-flash,1.0,1.0,2.0,3.25,1.0,1.0,0.0,0.0,,,True,True,0,True,True,1.0,True,off,0,False,0.002233584,65536,65536,0,0,25,43448,815,0.0022,billed
s8_model_first_r0,8,sto,hard_removal,model_first,none,False,0,deepseek/deepseek-v4.1-flash,1.0,1.0,5.5,3.25,0.6916666666666667,1.0,3.5021208793314242,0.0,,,True,True,0,False,False,0.75,True,off,0,False,0.011630409999999999,65536,65536,0,0,46,157908,4008,0.0116,billed
s8_task_only_r0,8,sto,hard_removal,task_only,none,False,0,deepseek/deepseek-v4.1-flash,1.0,1.0,4.75,3.25,0.6916666666666667,1.0,2.5609506074558857,0.0,,,True,True,0,False,True,1.0,True,off,0,False,0.0016494352,65536,65536,0,0,36,67451,1185,0.0016,billed
s0_graph_given_r0,0,sto,hard_removal,graph_given,none,False,0,deepseek/deepseek-v4.1-flash,1.0,1.0,5.0,6.0,1.0,1.0,0.0,0.0,False,,True,True,0,True,True,1.0,True,on,10863,False,0.013561450000000001,65536,65536,0,0,48,104055,11276,0.0136,billed
s0_model_first_r0,0,sto,hard_removal,model_first,none,False,0,deepseek/deepseek-v4.1-flash,1.0,1.0,7.0,6.75,0.8958333333333334,0.7674242424242423,2.2247421695951113,0.6606848063646447,False,,True,True,0,True,True,1.0,False,on,19319,False,0.012917238399999998,65536,65536,0,0,66,255854,23104,0.0129,billed
s0_task_only_r0,0,sto,hard_removal,task_only,none,False,0,deepseek/deepseek-v4.1-flash,1.0,1.0,5.5,7.25,0.9583333333333334,0.7138888888888888,0.6517379679144388,1.367346181182651,False,,True,True,0,True,True,1.0,False,on,19280,False,0.020816150000000002,65536,65536,1,0,56,115467,19763,0.0208,billed
s1_graph_given_r0,1,sto,hard_removal,graph_given,none,False,0,deepseek/deepseek-v4.1-flash,1.0,1.0,4.5,8.0,1.0,0.8847222222222222,8.881784197001252e-16,2.175319218851664,False,,True,True,0,True,True,1.0,False,on,14760,False,0.014034389999999997,65536,65536,0,0,54,130289,15356,0.014,billed
s1_model_first_r0,1,sto,hard_removal,model_first,none,False,0,deepseek/deepseek-v4.1-flash,1.0,0.75,7.5,10.0,0.5750000000000001,0.6998626373626373,2.6732084315283005,2.498030939637737,False,,True,True,0,True,True,1.0,False,on,28977,False,0.040295340000000006,65536,65536,0,0,91,428828,32686,0.0403,billed
s1_task_only_r0,1,sto,hard_removal,task_only,none,False,0,deepseek/deepseek-v4.1-flash,1.0,0.5,7.5,17.0,0.5750000000000001,0.6013888888888889,2.6732084315283005,8.69230238661962,False,,True,True,1,True,True,1.0,False,on,206454,False,0.15372703,65536,65536,2,2,110,421052,207279,0.1537,billed
s13_graph_given_r0,13,sto,hard_removal,graph_given,none,False,0,deepseek/deepseek-v4.1-flash,1.0,1.0,3.5,4.25,1.0,1.0,0.0,0.0,False,,True,True,0,True,True,1.0,True,on,6309,False,0.009509832000000001,65536,65536,0,0,35,61114,6727,0.0095,billed
s13_model_first_r0,13,sto,hard_removal,model_first,none,False,0,deepseek/deepseek-v4.1-flash,1.0,1.0,7.75,6.25,0.4883928571428572,0.6348214285714285,4.290092958005331,1.5443319825806734,False,,False,True,0,True,False,0.75,False,on,22530,False,0.023781899999999995,65536,65536,0,0,67,273538,26548,0.0238,billed
s13_task_only_r0,13,sto,hard_removal,task_only,none,False,0,deepseek/deepseek-v4.1-flash,1.0,1.0,7.25,4.25,0.6494047619047619,1.0,3.602128208795924,0.0,False,,False,False,0,True,True,0.75,True,on,14497,False,0.02023053,65536,65536,0,0,50,94754,15014,0.0202,billed
s25_graph_given_r0,25,sto,hard_removal,graph_given,none,False,0,deepseek/deepseek-v4.1-flash,1.0,1.0,2.25,3.5,1.0,1.0,0.0,0.0,False,,True,True,0,True,True,1.0,True,on,5034,False,0.007177840000000001,65536,65536,0,0,27,40416,5336,0.0072,billed
s25_model_first_r0,25,sto,hard_removal,model_first,none,False,0,deepseek/deepseek-v4.1-flash,1.0,1.0,5.25,3.5,0.6041666666666666,1.0,2.7655260214664237,0.0,False,,False,False,0,True,True,0.75,True,on,11870,False,0.017751680000000002,65536,65536,0,0,46,131516,14864,0.0178,billed
s25_task_only_r0,25,sto,hard_removal,task_only,none,False,0,deepseek/deepseek-v4.1-flash,1.0,1.0,8.75,4.5,0.5208333333333334,0.9642857142857143,6.603734606583784,0.95955214627934,False,,False,False,0,True,True,1.0,True,on,12821,False,0.016071530799999997,65536,65536,1,0,58,121137,13367,0.0161,billed
s8_graph_given_r0,8,sto,hard_removal,graph_given,none,False,0,deepseek/deepseek-v4.1-flash,1.0,1.0,2.0,3.25,1.0,1.0,0.0,0.0,False,,True,True,0,True,True,1.0,True,on,2932,False,0.00499434,65536,65536,0,0,25,35555,3270,0.005,billed
s8_model_first_r0,8,sto,hard_removal,model_first,none,False,0,deepseek/deepseek-v4.1-flash,1.0,1.0,5.5,3.25,0.6916666666666667,1.0,3.502120879331425,0.0,False,,True,True,0,True,True,1.0,True,on,7505,False,0.014898869999999998,65536,65536,0,0,46,133853,10459,0.0149,billed
s8_task_only_r0,8,sto,hard_removal,task_only,none,False,0,deepseek/deepseek-v4.1-flash,1.0,1.0,4.75,5.0,0.7333333333333334,0.8452380952380952,2.5609506074558857,1.9170014837537304,False,,True,True,0,True,False,1.0,True,on,83056,False,0.05888317,65536,65536,1,1,44,74576,83439,0.0589,billed
s0_graph_given_r0,0,sto,irrelevant,graph_given,none,False,0,deepseek/deepseek-v4.1-flash,1.0,1.0,6.25,7.25,0.8369047619047619,0.8147727272727273,1.0134271099744252,1.0134271099744252,,,False,True,0,True,True,1.0,False,off,0,False,0.011573327999999999,65536,65536,0,0,58,199032,2097,0.0116,billed
s0_model_first_r0,0,sto,irrelevant,model_first,none,False,0,deepseek/deepseek-v4.1-flash,1.0,1.0,5.5,6.0,0.9583333333333334,1.0,0.6517379679144388,0.0,,,False,False,0,False,False,0.75,True,off,0,False,0.0075391600000000005,65536,65536,0,0,57,222725,3907,0.0075,billed
s0_task_only_r0,0,sto,irrelevant,task_only,none,False,0,deepseek/deepseek-v4.1-flash,1.0,1.0,7.75,8.5,0.7976190476190477,0.8639705882352942,2.9382339616607753,2.0570587375901086,,,False,True,1,False,False,0.75,True,off,0,False,0.01317101,65536,65536,0,0,69,230575,2177,0.0132,billed
s1_graph_given_r0,1,sto,irrelevant,graph_given,none,False,0,deepseek/deepseek-v4.1-flash,1.0,1.0,5.5,7.5,0.6285714285714286,0.8354166666666667,0.7809232952745431,0.5348033563074788,,,True,True,0,True,True,1.0,False,off,0,False,0.005286408,65536,65536,0,0,56,177926,1664,0.0053,billed
s1_model_first_r0,1,sto,irrelevant,model_first,none,False,0,deepseek/deepseek-v4.1-flash,1.0,1.0,7.5,11.25,0.575,0.6470238095238094,2.6732084315283005,4.8208312475247705,,,True,True,4,False,True,0.75,False,off,0,False,0.02848417,65536,65536,0,0,86,530677,6990,0.0285,billed
s1_task_only_r0,1,sto,irrelevant,task_only,none,False,0,deepseek/deepseek-v4.1-flash,1.0,1.0,7.5,10.0,0.575,0.5595238095238095,2.6732084315283005,1.2320013180960396,,,True,True,9,False,True,0.75,False,off,0,False,0.012487272,65536,65536,0,0,74,268782,2440,0.0125,billed
s13_graph_given_r0,13,sto,irrelevant,graph_given,none,False,0,deepseek/deepseek-v4.1-flash,1.0,1.0,3.5,3.25,1.0,1.0,0.0,0.0,,,False,False,0,True,True,1.0,True,off,0,False,0.002846736,65536,65536,0,0,31,62104,1021,0.0028,billed
s13_model_first_r0,13,sto,irrelevant,model_first,none,False,0,deepseek/deepseek-v4.1-flash,1.0,1.0,7.5,4.5,0.5133928571428571,0.45,4.054950839142281,1.742012355054744,,,False,True,0,False,False,0.75,False,off,0,False,0.0090581768,65536,65536,0,0,59,254842,5144,0.0091,billed
s13_task_only_r0,13,sto,irrelevant,task_only,none,False,0,deepseek/deepseek-v4.1-flash,1.0,1.0,7.5,6.25,0.43214285714285716,0.36964285714285716,4.52523507686838,3.0619971131490296,,,False,True,0,False,False,0.75,False,off,0,False,0.00921745,65536,65536,0,0,59,161988,1665,0.0092,billed
s25_graph_given_r0,25,sto,irrelevant,graph_given,none,False,0,deepseek/deepseek-v4.1-flash,1.0,1.0,3.0,3.5,0.6666666666666666,0.6458333333333333,0.6919198783778344,0.6919198783778344,,,False,True,0,True,True,1.0,False,off,0,False,0.002971852,65536,65536,0,0,30,58871,933,0.003,billed
s25_model_first_r0,25,sto,irrelevant,model_first,none,False,0,deepseek/deepseek-v4.1-flash,1.0,1.0,6.5,5.0,0.3541666666666667,0.25416666666666665,3.971324375530532,2.299651017129979,,,False,True,0,False,False,0.75,False,off,0,False,0.01401626,65536,65536,0,0,57,210545,3782,0.014,billed
s25_task_only_r0,25,sto,irrelevant,task_only,none,False,0,deepseek/deepseek-v4.1-flash,1.0,1.0,4.75,3.5,0.7708333333333334,0.9583333333333334,2.2465861126830475,0.7121212121212122,,,False,False,0,False,False,0.75,True,off,0,False,0.0015915984,65536,65536,0,0,37,65364,998,0.0016,billed
s8_graph_given_r0,8,sto,irrelevant,graph_given,none,False,0,deepseek/deepseek-v4.1-flash,1.0,1.0,2.0,2.0,1.0,1.0,0.0,0.0,,,False,False,0,False,True,1.0,True,off,0,False,0.0019344359999999999,65536,65536,0,0,20,31755,792,0.0019,billed
s8_model_first_r0,8,sto,irrelevant,model_first,none,False,0,deepseek/deepseek-v4.1-flash,1.0,1.0,3.75,2.0,0.8611111111111112,1.0,1.864841292390175,0.0,,,False,False,0,False,False,0.75,True,off,0,False,0.00923481,65536,65536,0,0,34,109038,4225,0.0092,billed
s8_task_only_r0,8,sto,irrelevant,task_only,none,False,0,deepseek/deepseek-v4.1-flash,1.0,1.0,4.75,4.0,0.6916666666666667,0.75,2.5609506074558857,2.5609506074558857,,,False,True,0,False,False,0.75,False,off,0,False,0.0018615152,65536,65536,0,0,39,78180,1246,0.0019,billed
s0_graph_given_r0,0,sto,irrelevant,graph_given,none,False,0,deepseek/deepseek-v4.1-flash,1.0,1.0,5.0,6.0,1.0,1.0,0.0,0.0,False,,False,False,0,True,True,1.0,True,on,6510,False,0.01025247,65536,65536,0,0,48,104653,6939,0.0103,billed
s0_model_first_r0,0,sto,irrelevant,model_first,none,False,0,deepseek/deepseek-v4.1-flash,1.0,1.0,6.5,6.0,0.9083333333333333,1.0,1.5730042016806725,0.0,False,,False,False,0,False,False,0.75,True,on,19574,False,0.011928974400000002,65536,65536,0,0,61,214673,22815,0.0119,billed
s0_task_only_r0,0,sto,irrelevant,task_only,none,False,0,deepseek/deepseek-v4.1-flash,1.0,1.0,7.5,7.25,0.6904761904761905,0.8147727272727272,2.6700702700248247,1.0134271099744252,False,,False,True,0,False,False,0.5,False,on,95337,False,0.07108643,65536,65536,2,1,65,155563,95879,0.0711,billed
s1_graph_given_r0,1,sto,irrelevant,graph_given,none,False,0,deepseek/deepseek-v4.1-flash,1.0,1.0,4.5,6.75,1.0,1.0,8.881784197001252e-16,8.881784197001252e-16,False,,False,False,0,True,True,1.0,True,on,10738,False,0.01086975,65536,65536,0,0,49,112377,11334,0.0109,billed
s1_model_first_r0,1,sto,irrelevant,model_first,none,False,0,deepseek/deepseek-v4.1-flash,1.0,1.0,5.5,10.5,0.775,0.7791666666666667,0.5348033563074788,3.2094184704850255,False,,False,True,1,True,False,0.75,False,on,7263,False,0.021199079999999995,65536,65536,0,0,75,306303,10385,0.0212,billed
s1_task_only_r0,1,sto,irrelevant,task_only,none,False,0,deepseek/deepseek-v4.1-flash,1.0,1.0,6.5,8.0,0.7333333333333334,0.7604166666666667,1.8494168828775273,1.1718474716124638,False,,False,True,0,False,False,0.75,False,on,83761,False,0.06340868000000001,65536,65536,1,1,63,147390,84265,0.0634,billed
s13_graph_given_r0,13,sto,irrelevant,graph_given,none,False,0,deepseek/deepseek-v4.1-flash,1.0,1.0,3.5,3.25,1.0,1.0,0.0,0.0,False,,False,False,0,True,True,1.0,True,on,5005,False,0.0077180880000000006,65536,65536,0,0,31,50142,5374,0.0077,billed
s13_model_first_r0,13,sto,irrelevant,model_first,none,False,0,deepseek/deepseek-v4.1-flash,1.0,1.0,7.5,4.5,0.5133928571428572,0.44999999999999996,4.054950839142282,1.742012355054744,False,,False,True,0,True,False,0.75,False,on,38243,False,0.031561950000000005,65536,65536,0,0,59,213513,41849,0.0316,billed
s13_task_only_r0,13,sto,irrelevant,task_only,none,False,0,deepseek/deepseek-v4.1-flash,1.0,1.0,6.75,4.25,0.6696428571428571,0.5916666666666667,3.366986089932875,1.5176651305683562,False,,False,True,0,False,False,0.75,False,on,142980,False,0.17301629000000002,65536,65536,2,2,50,94659,143453,0.173,billed
s25_graph_given_r0,25,sto,irrelevant,graph_given,none,False,0,deepseek/deepseek-v4.1-flash,1.0,1.0,2.25,3.0,1.0,1.0,0.0,0.0,False,,False,False,0,True,True,1.0,True,on,5071,False,0.00594507,65536,65536,0,0,25,36623,5343,0.0059,billed
s25_model_first_r0,25,sto,irrelevant,model_first,none,False,0,deepseek/deepseek-v4.1-flash,1.0,1.0,7.0,5.25,0.46875,0.39166666666666666,5.0640555567315,2.399887580550711,False,,False,True,0,True,False,0.75,False,on,21665,False,0.027081019999999997,65536,65536,6,0,66,208223,24730,0.0271,billed
s25_task_only_r0,25,sto,irrelevant,task_only,none,False,0,deepseek/deepseek-v4.1-flash,1.0,0.75,13.75,3.3333333333333335,0.4096590909090909,0.5791666666666666,10.537285737028698,0.7665503390433264,False,,False,True,0,False,False,0.75,True,on,248769,False,0.17777077560000004,65536,65536,3,3,92,298845,249483,0.1778,billed
s8_graph_given_r0,8,sto,irrelevant,graph_given,none,False,0,deepseek/deepseek-v4.1-flash,1.0,1.0,2.0,2.0,1.0,1.0,0.0,0.0,False,,False,False,0,True,True,1.0,True,on,2498,False,0.004538256,65536,65536,0,0,20,24964,2778,0.0045,billed
s8_model_first_r0,8,sto,irrelevant,model_first,none,False,0,deepseek/deepseek-v4.1-flash,1.0,1.0,4.0,2.0,0.8285714285714285,1.0,1.5814079237395102,0.0,False,,False,False,0,False,False,0.75,True,on,7626,False,0.012762840000000001,65536,65536,0,0,35,83504,10044,0.0128,billed
s8_task_only_r0,8,sto,irrelevant,task_only,none,False,0,deepseek/deepseek-v4.1-flash,1.0,1.0,4.75,4.0,0.7333333333333334,0.75,2.5609506074558857,2.5609506074558857,False,,False,True,0,False,False,0.75,False,on,6080,False,0.008584485,65536,65536,0,0,39,60009,6445,0.0086,billed
s0_graph_given_r0,0,sto,no_change,graph_given,none,False,0,deepseek/deepseek-v4.1-flash,1.0,1.0,5.0,6.0,1.0,1.0,0.0,0.0,,,,,,True,,1.0,True,off,0,False,0.005327532,65536,65536,0,0,47,129125,1429,0.0053,billed
s0_model_first_r0,0,sto,no_change,model_first,none,False,0,deepseek/deepseek-v4.1-flash,1.0,1.0,7.5,6.0,0.8869047619047619,1.0,2.4942704354469063,0.0,,,,,,True,,1.0,True,off,0,False,0.011916555,65536,65536,0,0,64,281531,4858,0.0119,billed
s0_task_only_r0,0,sto,no_change,task_only,none,False,0,deepseek/deepseek-v4.1-flash,1.0,1.0,6.75,7.5,0.8674242424242424,0.9166666666666666,1.826360979174279,1.2525483237692545,,,,,,True,,1.0,True,off,0,False,0.01078572,65536,65536,0,0,60,178419,1968,0.0108,billed
s1_graph_given_r0,1,sto,no_change,graph_given,none,False,0,deepseek/deepseek-v4.1-flash,1.0,1.0,5.5,7.75,0.6285714285714286,0.6777777777777778,0.7809232952745431,0.7809232952745431,,,,,,True,,1.0,False,off,0,False,0.005211992,65536,65536,0,0,56,170664,1562,0.0052,billed
s1_model_first_r0,1,sto,no_change,model_first,none,False,0,deepseek/deepseek-v4.1-flash,1.0,1.0,7.5,8.25,0.575,0.5972222222222222,2.6732084315283005,1.6733520808817395,,,,,,True,,1.0,False,off,0,False,0.02304731,65536,65536,0,0,73,432960,7323,0.023,billed
s1_task_only_r0,1,sto,no_change,task_only,none,False,0,deepseek/deepseek-v4.1-flash,1.0,1.0,6.5,9.75,0.7333333333333334,0.7125,1.8494168828775273,3.349206723821651,,,,,,True,,1.0,False,off,0,False,0.0140370244,65536,65536,0,0,68,222401,2124,0.014,billed
s13_graph_given_r0,13,sto,no_change,graph_given,none,False,0,deepseek/deepseek-v4.1-flash,1.0,1.0,3.5,3.25,1.0,1.0,0.0,0.0,,,,,,True,,1.0,True,off,0,False,0.0028713,65536,65536,0,0,30,58959,981,0.0029,billed
s13_model_first_r0,13,sto,no_change,model_first,none,False,0,deepseek/deepseek-v4.1-flash,0.5,1.0,6.5,4.0,0.4861111111111111,0.6333333333333333,3.6503970547247966,0.9831797897705659,,,,,,True,,1.0,False,off,0,False,0.016274308,65536,65536,0,0,79,417034,6997,0.0163,billed
s13_task_only_r0,13,sto,no_change,task_only,none,False,0,deepseek/deepseek-v4.1-flash,1.0,1.0,6.5,4.0,0.6416666666666666,0.6333333333333333,2.916701991216014,0.9831797897705659,,,,,,False,,1.0,False,off,0,False,0.00794397,65536,65536,0,0,45,99176,1357,0.0079,billed
s25_graph_given_r0,25,sto,no_change,graph_given,none,False,0,deepseek/deepseek-v4.1-flash,1.0,1.0,3.0,3.5,0.6666666666666666,0.6458333333333333,0.6919198783778344,0.6919198783778344,,,,,,True,,1.0,False,off,0,False,0.002685648,65536,65536,0,0,29,56652,964,0.0027,billed
s25_model_first_r0,25,sto,no_change,model_first,none,False,0,deepseek/deepseek-v4.1-flash,1.0,1.0,6.25,3.75,0.47115384615384615,0.5583333333333333,4.1045034104521605,0.6919198783778344,,,,,,True,,1.0,False,off,0,False,0.015586335,65536,65536,0,0,50,171852,4166,0.0156,billed
s25_task_only_r0,25,sto,no_change,task_only,none,False,0,deepseek/deepseek-v4.1-flash,1.0,1.0,5.25,3.0,0.8571428571428571,1.0,3.033158289367929,0.0,,,,,,True,,1.0,True,off,0,False,0.0019974106,65536,65536,0,0,36,61455,951,0.002,billed
s8_graph_given_r0,8,sto,no_change,graph_given,none,False,0,deepseek/deepseek-v4.1-flash,1.0,1.0,2.0,2.0,1.0,1.0,0.0,0.0,,,,,,True,,1.0,True,off,0,False,0.00179784,65536,65536,0,0,19,28884,706,0.0018,billed
s8_model_first_r0,8,sto,no_change,model_first,none,False,0,deepseek/deepseek-v4.1-flash,1.0,1.0,5.5,4.0,0.6916666666666667,0.75,3.5021208793314242,2.5609506074558857,,,,,,True,,1.0,False,off,0,False,0.01343379,65536,65536,0,0,48,173815,4168,0.0134,billed
s8_task_only_r0,8,sto,no_change,task_only,none,False,0,deepseek/deepseek-v4.1-flash,1.0,1.0,5.25,4.0,0.68125,0.75,3.190503980911698,2.5609506074558857,,,,,,True,,1.0,False,off,0,False,0.0019267974,65536,65536,0,0,40,80998,1268,0.0019,billed
s0_graph_given_r0,0,sto,no_change,graph_given,none,False,0,deepseek/deepseek-v4.1-flash,1.0,1.0,5.0,6.0,1.0,1.0,0.0,0.0,,,,,,True,,1.0,True,on,7251,False,0.01174315,65536,65536,0,0,47,101039,7651,0.0117,billed
s0_model_first_r0,0,sto,no_change,model_first,none,False,0,deepseek/deepseek-v4.1-flash,1.0,1.0,6.75,8.5,0.8674242424242424,0.9473684210526316,1.826360979174279,2.5140464548379433,,,,,,False,,1.0,True,on,14521,False,0.0206887176,65536,65536,0,0,71,307805,18724,0.0207,billed
s0_task_only_r0,0,sto,no_change,task_only,none,False,0,deepseek/deepseek-v4.1-flash,1.0,1.0,5.5,6.0,0.9583333333333334,1.0,0.6517379679144388,0.0,,,,,,True,,1.0,True,on,71509,False,0.05286057,65536,65536,1,1,50,96645,71941,0.0529,billed
s1_graph_given_r0,1,sto,no_change,graph_given,none,False,0,deepseek/deepseek-v4.1-flash,1.0,1.0,5.25,7.5,0.8083333333333333,0.8354166666666667,0.5348033563074788,0.5348033563074788,,,,,,True,,1.0,False,on,5841,False,0.010761096,65536,65536,0,0,54,128886,6444,0.0108,billed
s1_model_first_r0,1,sto,no_change,model_first,none,False,0,deepseek/deepseek-v4.1-flash,1.0,1.0,7.5,8.25,0.575,0.8212121212121213,2.6732084315283005,1.365702157172909,,,,,,False,,1.0,False,on,19063,False,0.0299497,65536,65536,0,0,73,302997,22646,0.0299,billed
s1_task_only_r0,1,sto,no_change,task_only,none,False,0,deepseek/deepseek-v4.1-flash,1.0,1.0,7.25,10.0,0.5964285714285714,0.6103729603729604,2.0340068371028255,2.692055641189498,,,,,,True,,1.0,False,on,81660,False,0.06372284,65536,65536,1,1,73,194528,82236,0.0637,billed
s13_graph_given_r0,13,sto,no_change,graph_given,none,False,0,deepseek/deepseek-v4.1-flash,1.0,1.0,3.5,3.25,1.0,1.0,0.0,0.0,,,,,,True,,1.0,True,on,3595,False,0.006472488,65536,65536,0,0,30,48430,3980,0.0065,billed
s13_model_first_r0,13,sto,no_change,model_first,none,False,0,deepseek/deepseek-v4.1-flash,1.0,1.0,7.5,4.5,0.5133928571428571,0.45,4.054950839142281,1.742012355054744,,,,,,False,,1.0,False,on,14602,False,0.02187659,65536,65536,2,0,60,206059,18159,0.0219,billed
s13_task_only_r0,13,sto,no_change,task_only,none,False,0,deepseek/deepseek-v4.1-flash,1.0,1.0,7.25,5.0,0.5333333333333333,0.45714285714285713,3.819808720279232,2.121428637696833,,,,,,True,,1.0,False,on,11859,False,0.01388395,65536,65536,0,0,52,102279,12319,0.0139,billed
s25_graph_given_r0,25,sto,no_change,graph_given,none,False,0,deepseek/deepseek-v4.1-flash,1.0,1.0,2.25,3.0,1.0,1.0,0.0,0.0,,,,,,True,,1.0,True,on,7951,False,0.0077109299999999995,65536,65536,0,0,24,33374,8189,0.0077,billed
s25_model_first_r0,25,sto,no_change,model_first,none,False,0,deepseek/deepseek-v4.1-flash,1.0,1.0,5.25,3.5,0.6041666666666666,0.6458333333333333,2.7655260214664232,0.6919198783778344,,,,,,True,,1.0,False,on,11906,False,0.01714152,65536,65536,2,0,47,124510,14608,0.0171,billed
s25_task_only_r0,25,sto,no_change,task_only,none,False,0,deepseek/deepseek-v4.1-flash,1.0,1.0,9.0,4.75,0.4675595238095238,0.5416666666666666,7.323884950944244,1.986216371903609,,,,,,True,,1.0,False,on,16076,False,0.009718620399999999,65536,65536,0,0,58,124798,16700,0.0097,billed
s8_graph_given_r0,8,sto,no_change,graph_given,none,False,0,deepseek/deepseek-v4.1-flash,1.0,1.0,2.0,2.0,1.0,1.0,0.0,0.0,,,,,,True,,1.0,True,on,2540,False,0.00448674,65536,65536,0,0,19,23179,2805,0.0045,billed
s8_model_first_r0,8,sto,no_change,model_first,none,False,0,deepseek/deepseek-v4.1-flash,1.0,1.0,4.0,2.0,0.8285714285714285,1.0,1.5814079237395102,0.0,,,,,,True,,1.0,True,on,3538,False,0.0093159,65536,65536,0,0,34,84980,6262,0.0093,billed
s8_task_only_r0,8,sto,no_change,task_only,none,False,0,deepseek/deepseek-v4.1-flash,1.0,1.0,4.75,4.0,0.7333333333333334,0.75,2.5609506074558857,2.5609506074558857,,,,,,True,,1.0,False,on,3068,False,0.0029810464,65536,65536,0,0,38,57963,3532,0.003,billed
s0_graph_given_r0,0,sto,redirect,graph_given,none,False,0,deepseek/deepseek-v4.1-flash,1.0,1.0,5.0,4.25,1.0,1.0,0.0,0.0,,,True,True,6,True,True,1.0,True,off,0,False,0.0037077,65536,65536,0,0,41,101379,1265,0.0037,billed
s0_model_first_r0,0,sto,redirect,model_first,none,False,0,deepseek/deepseek-v4.1-flash,1.0,1.0,7.5,6.0,0.8690476190476191,0.9615384615384616,2.478098947088718,1.2649543072430123,,,True,True,5,True,True,1.0,True,off,0,False,0.01021276,65536,65536,0,0,65,308704,5538,0.0102,billed
s0_task_only_r0,0,sto,redirect,task_only,none,False,0,deepseek/deepseek-v4.1-flash,0.75,1.0,6.333333333333333,8.0,0.7902777777777779,0.8095238095238095,2.1513429465182226,3.5056647442503506,,,True,True,4,False,True,1.0,True,off,0,False,0.01535633,65536,65536,0,0,75,286313,2717,0.0154,billed
s1_graph_given_r0,1,sto,redirect,graph_given,none,False,0,deepseek/deepseek-v4.1-flash,1.0,1.0,5.5,9.0,0.6285714285714286,0.6168831168831169,0.7809232952745431,1.9730706665263913,,,True,True,8,False,True,0.75,False,off,0,False,0.005599512,65536,65536,0,0,62,201574,1595,0.0056,billed
s1_model_first_r0,1,sto,redirect,model_first,none,False,0,deepseek/deepseek-v4.1-flash,1.0,1.0,7.5,12.25,0.575,0.6074175824175825,2.6732084315283005,5.6772147638489,,,True,True,10,True,True,1.0,False,off,0,False,0.019856658,65536,65536,0,0,90,540518,6338,0.0199,billed
s1_task_only_r0,1,sto,redirect,task_only,none,False,0,deepseek/deepseek-v4.1-flash,1.0,0.75,6.5,9.333333333333334,0.7333333333333334,0.6375,1.8494168828775273,3.622326157358348,,,True,True,13,False,True,0.75,False,off,0,False,0.01271361,65536,65536,0,0,78,292351,2497,0.0127,billed
s13_graph_given_r0,13,sto,redirect,graph_given,none,False,0,deepseek/deepseek-v4.1-flash,1.0,1.0,3.5,1.75,1.0,1.0,0.0,0.0,,,True,True,7,True,True,1.0,True,off,0,False,0.002232492,65536,65536,0,0,25,43877,895,0.0022,billed
s13_model_first_r0,13,sto,redirect,model_first,none,False,0,deepseek/deepseek-v4.1-flash,0.75,1.0,7.333333333333333,2.5,0.43333333333333335,0.6666666666666666,4.761044801210658,0.9401932249979787,,,False,True,4,True,True,0.75,True,off,0,False,0.0107595784,65536,65536,0,0,63,286346,6809,0.0108,billed
s13_task_only_r0,13,sto,redirect,task_only,none,False,0,deepseek/deepseek-v4.1-flash,0.75,1.0,9.666666666666666,2.5,0.4164473684210526,0.6666666666666666,6.272323324758939,0.9401932249979787,,,False,True,4,False,True,0.75,True,off,0,False,0.01086396,65536,65536,0,0,63,189528,1884,0.0109,billed
s25_graph_given_r0,25,sto,redirect,graph_given,none,False,0,deepseek/deepseek-v4.1-flash,1.0,1.0,3.0,1.5,0.6666666666666666,1.0,0.6919198783778344,0.0,,,False,True,6,True,True,1.0,True,off,0,False,0.001935396,65536,65536,0,0,22,34535,725,0.0019,billed
s25_model_first_r0,25,sto,redirect,model_first,none,False,0,deepseek/deepseek-v4.1-flash,1.0,1.0,6.25,5.75,0.47115384615384615,0.4583333333333333,4.1045034104521605,4.552949413642912,,,False,True,0,False,False,0.75,False,off,0,False,0.015670365999999998,65536,65536,0,0,59,264105,5360,0.0157,billed
s25_task_only_r0,25,sto,redirect,task_only,none,False,0,deepseek/deepseek-v4.1-flash,1.0,1.0,4.75,1.5,0.7708333333333334,1.0,2.2465861126830475,0.0,,,True,True,6,False,True,0.75,True,off,0,False,0.0012927936,65536,65536,0,0,29,42272,824,0.0013,billed
s8_graph_given_r0,8,sto,redirect,graph_given,none,False,0,deepseek/deepseek-v4.1-flash,1.0,1.0,2.0,2.0,1.0,1.0,0.0,0.0,,,True,True,4,True,True,1.0,True,off,0,False,0.00181596,65536,65536,0,0,20,30754,724,0.0018,billed
s8_model_first_r0,8,sto,redirect,model_first,none,False,0,deepseek/deepseek-v4.1-flash,1.0,1.0,5.5,4.0,0.6916666666666667,0.75,3.5021208793314242,2.301325119040138,,,True,True,4,True,True,1.0,False,off,0,False,0.01153928,65536,65536,0,0,49,181337,4372,0.0115,billed
s8_task_only_r0,8,sto,redirect,task_only,none,False,0,deepseek/deepseek-v4.1-flash,1.0,1.0,6.25,4.0,0.65,0.75,4.131674252787237,2.301325119040138,,,True,True,4,True,True,1.0,False,off,0,False,0.0022813384,65536,65536,0,0,45,101990,1446,0.0023,billed
s0_graph_given_r0,0,sto,redirect,graph_given,none,False,0,deepseek/deepseek-v4.1-flash,1.0,1.0,5.0,4.25,1.0,1.0,0.0,0.0,False,,True,True,6,True,True,1.0,True,on,5512,False,0.008167849999999997,65536,65536,0,0,41,79364,5889,0.0082,billed
s0_model_first_r0,0,sto,redirect,model_first,none,False,0,deepseek/deepseek-v4.1-flash,1.0,1.0,5.5,5.25,0.9583333333333334,0.9097222222222222,0.6517379679144388,0.74850764830245,False,,True,True,4,True,True,1.0,False,on,6813,False,0.006599947199999999,65536,65536,0,0,54,186662,10276,0.0066,billed
s0_task_only_r0,0,sto,redirect,task_only,none,False,0,deepseek/deepseek-v4.1-flash,1.0,1.0,5.5,4.75,0.9583333333333334,0.95,0.6517379679144388,0.6517379679144384,False,,True,True,6,True,True,1.0,True,on,84481,False,0.061199739999999996,65536,65536,1,1,46,81934,84878,0.0612,billed
s1_graph_given_r0,1,sto,redirect,graph_given,none,False,0,deepseek/deepseek-v4.1-flash,1.0,1.0,5.25,8.5,0.7583333333333334,0.7741702741702742,0.5963333410492448,1.459549049405588,False,,True,True,13,True,True,1.0,True,on,24661,False,0.020193720000000005,65536,65536,0,0,59,150712,25239,0.0202,billed
s1_model_first_r0,1,sto,redirect,model_first,none,False,0,deepseek/deepseek-v4.1-flash,1.0,0.75,7.5,8.0,0.5750000000000001,0.6755681818181818,2.6732084315283005,0.26030776509151404,False,,True,True,3,True,True,0.75,True,on,24555,False,0.03671171,65536,65536,0,0,85,403390,28907,0.0367,billed
s1_task_only_r0,1,sto,redirect,task_only,none,False,0,deepseek/deepseek-v4.1-flash,1.0,1.0,6.75,9.75,0.6035714285714286,0.6233766233766234,2.0340068371028255,2.8487791190230625,False,,True,True,8,True,True,0.75,False,on,184708,False,0.13008955,65536,65536,3,2,73,188654,185284,0.1301,billed
s13_graph_given_r0,13,sto,redirect,graph_given,none,False,0,deepseek/deepseek-v4.1-flash,1.0,1.0,3.5,1.75,1.0,1.0,0.0,0.0,False,,True,True,7,True,True,1.0,True,on,2744,False,0.005037864,65536,65536,0,0,25,35506,3099,0.005,billed
s13_model_first_r0,13,sto,redirect,model_first,none,False,0,deepseek/deepseek-v4.1-flash,1.0,1.0,7.0,5.0,0.5238095238095238,0.45714285714285713,3.819808720279233,3.760772899991915,False,,False,True,0,False,False,0.75,False,on,20572,False,0.022040129999999995,65536,65536,0,0,59,235671,25163,0.022,billed
s13_task_only_r0,13,sto,redirect,task_only,none,False,0,deepseek/deepseek-v4.1-flash,1.0,1.0,7.75,5.0,0.5229166666666667,0.45714285714285713,4.054950839142282,3.760772899991915,False,,False,True,0,True,False,0.75,False,on,88027,False,0.10630927,65536,65536,1,1,56,116993,88573,0.1063,billed
s25_graph_given_r0,25,sto,redirect,graph_given,none,False,0,deepseek/deepseek-v4.1-flash,1.0,1.0,2.25,1.5,1.0,1.0,0.0,0.0,False,,True,True,6,True,True,1.0,True,on,5866,False,0.00641559,65536,65536,0,0,19,22870,6047,0.0064,billed
s25_model_first_r0,25,sto,redirect,model_first,none,False,0,deepseek/deepseek-v4.1-flash,1.0,1.0,4.5,1.5,0.8636363636363636,1.0,2.073606143088589,0.0,False,,True,True,6,True,True,1.0,True,on,17955,False,0.019369900000000002,65536,65536,0,0,35,80266,20502,0.0194,billed
s25_task_only_r0,25,sto,redirect,task_only,none,False,0,deepseek/deepseek-v4.1-flash,1.0,1.0,5.0,1.5,0.8011363636363636,1.0,2.7857273552098007,0.0,False,,True,True,6,True,True,1.0,True,on,10515,False,0.010088240000000002,65536,65536,0,0,30,36887,10801,0.0101,billed
s8_graph_given_r0,8,sto,redirect,graph_given,none,False,0,deepseek/deepseek-v4.1-flash,1.0,1.0,2.0,2.0,1.0,1.0,0.0,0.0,False,,True,True,4,True,True,1.0,True,on,2750,False,0.004505568,65536,65536,0,0,20,24988,3027,0.0045,billed
s8_model_first_r0,8,sto,redirect,model_first,none,False,0,deepseek/deepseek-v4.1-flash,1.0,1.0,4.0,4.0,0.8285714285714285,0.75,1.5814079237395102,2.301325119040138,False,,True,True,4,True,True,1.0,False,on,7092,False,0.014951569999999999,65536,65536,0,0,43,131342,10176,0.015,billed
s8_task_only_r0,8,sto,redirect,task_only,none,False,0,deepseek/deepseek-v4.1-flash,1.0,1.0,4.75,4.75,0.7333333333333334,0.7053571428571428,2.5609506074558857,3.050890059875939,False,,True,True,3,True,True,1.0,False,on,31543,False,0.0250455234,65536,65536,0,0,42,68771,31943,0.025,billed
s0_graph_given_r0,0,sto,silent_break,graph_given,none,False,0,deepseek/deepseek-v4.1-flash,1.0,1.0,6.25,9.0,0.8369047619047619,0.5303030303030303,1.0134271099744252,2.286611233259662,,,True,True,0,True,True,1.0,False,off,0,False,0.00745776,65536,65536,0,0,65,260396,2895,0.0075,billed
s0_model_first_r0,0,sto,silent_break,model_first,none,False,0,deepseek/deepseek-v4.1-flash,1.0,1.0,6.75,8.25,0.8674242424242424,0.60625,1.826360979174279,1.0675695286747753,,,True,True,5,False,True,0.75,False,off,0,False,0.01155454,65536,65536,0,0,71,372499,6048,0.0116,billed
s0_task_only_r0,0,sto,silent_break,task_only,none,False,0,deepseek/deepseek-v4.1-flash,1.0,1.0,5.5,13.0,0.9583333333333334,0.46790986790986794,0.6517379679144388,4.118292278947587,,,True,True,9,False,True,0.75,False,off,0,False,0.01706151,65536,65536,0,0,78,301474,2751,0.0171,billed
s1_graph_given_r0,1,sto,silent_break,graph_given,none,False,0,deepseek/deepseek-v4.1-flash,1.0,1.0,5.5,8.0,0.6285714285714286,0.8448412698412698,0.7809232952745431,0.7809232952745422,,,True,True,0,True,True,1.0,False,off,0,False,0.005288352,65536,65536,0,0,58,181900,1707,0.0053,billed
s1_model_first_r0,1,sto,silent_break,model_first,none,False,0,deepseek/deepseek-v4.1-flash,1.0,0.0,6.5,,0.7333333333333334,0.35,1.8494168828775273,,,,True,True,19,True,True,1.0,False,off,0,False,0.072317875,65536,65536,0,0,117,991401,9111,0.0723,billed
s1_task_only_r0,1,sto,silent_break,task_only,none,False,0,deepseek/deepseek-v4.1-flash,1.0,0.0,8.0,,0.55,0.4375,3.3507778427933643,,,,True,True,15,False,True,0.75,False,off,0,False,0.02277968,65536,65536,0,0,116,597014,3260,0.0228,billed
s13_graph_given_r0,13,sto,silent_break,graph_given,none,False,0,deepseek/deepseek-v4.1-flash,1.0,1.0,3.5,4.25,1.0,1.0,0.0,0.0,,,True,True,0,True,True,1.0,True,off,0,False,0.003312948,65536,65536,0,0,35,79531,1255,0.0033,billed
s13_model_first_r0,13,sto,silent_break,model_first,none,False,0,deepseek/deepseek-v4.1-flash,1.0,1.0,9.0,5.0,0.50625,0.7892857142857143,5.526204069116442,0.6037635071284768,,,False,True,0,False,False,0.75,False,off,0,False,0.0094334224,65536,65536,0,0,67,302977,5392,0.0094,billed
s13_task_only_r0,13,sto,silent_break,task_only,none,False,0,deepseek/deepseek-v4.1-flash,1.0,1.0,7.75,7.25,0.44166666666666665,0.6244047619047619,4.52523507686838,1.5443319825806734,,,False,True,3,False,False,0.75,False,off,0,False,0.01169851,65536,65536,0,0,64,194196,1899,0.0117,billed
s25_graph_given_r0,25,sto,silent_break,graph_given,none,False,0,deepseek/deepseek-v4.1-flash,1.0,1.0,3.0,3.5,0.6666666666666666,1.0,0.6919198783778344,0.0,,,False,False,0,True,True,1.0,True,off,0,False,0.002485116,65536,65536,0,0,30,56649,829,0.0025,billed
s25_model_first_r0,25,sto,silent_break,model_first,none,False,0,deepseek/deepseek-v4.1-flash,1.0,1.0,6.25,3.75,0.47115384615384615,0.9,4.1045034104521605,0.0,,,False,True,0,False,False,0.5,True,off,0,False,0.0120513334,65536,65536,0,0,51,190700,4424,0.0121,billed
s25_task_only_r0,25,sto,silent_break,task_only,none,False,0,deepseek/deepseek-v4.1-flash,1.0,1.0,6.25,3.75,0.47115384615384615,0.9,4.1045034104521605,0.0,,,False,True,0,False,False,0.75,True,off,0,False,0.0019037816,65536,65536,0,0,44,98111,1462,0.0019,billed
s8_graph_given_r0,8,sto,silent_break,graph_given,none,False,0,deepseek/deepseek-v4.1-flash,1.0,1.0,2.0,3.25,1.0,1.0,0.0,0.0,,,True,True,0,True,True,1.0,True,off,0,False,0.002320956,65536,65536,0,0,25,46813,956,0.0023,billed
s8_model_first_r0,8,sto,silent_break,model_first,none,False,0,deepseek/deepseek-v4.1-flash,1.0,1.0,5.25,3.75,0.68125,0.9,3.190503980911698,0.0,,,True,True,2,False,False,0.75,True,off,0,False,0.0116509,65536,65536,0,0,47,151969,3470,0.0117,billed
s8_task_only_r0,8,sto,silent_break,task_only,none,False,0,deepseek/deepseek-v4.1-flash,1.0,1.0,4.75,4.0,0.6916666666666667,0.75,2.5609506074558857,0.0,,,True,True,4,False,True,0.75,False,off,0,False,0.0015138312,65536,65536,0,0,39,76877,1238,0.0015,billed
s0_graph_given_r0,0,sto,silent_break,graph_given,none,False,0,deepseek/deepseek-v4.1-flash,1.0,1.0,5.0,6.0,1.0,1.0,0.0,0.0,False,,True,True,0,True,True,1.0,True,on,7195,False,0.010311889999999999,65536,65536,0,0,48,104653,7633,0.0103,billed
s0_model_first_r0,0,sto,silent_break,model_first,none,False,0,deepseek/deepseek-v4.1-flash,1.0,1.0,6.5,7.75,0.8333333333333334,0.7052083333333333,1.9717537616952305,1.4533330295076214,False,,True,True,1,True,False,0.75,False,on,27214,False,0.016712681599999998,65536,65536,0,0,68,283836,31240,0.0167,billed
s0_task_only_r0,0,sto,silent_break,task_only,none,False,0,deepseek/deepseek-v4.1-flash,1.0,1.0,6.5,9.75,0.9083333333333333,0.5061431623931624,1.5730042016806725,1.5385872731398553,True,True,True,True,7,True,True,1.0,False,on,153993,False,0.11191421999999998,65536,65536,4,2,73,188131,154562,0.1119,billed
s1_graph_given_r0,1,sto,silent_break,graph_given,none,False,0,deepseek/deepseek-v4.1-flash,1.0,1.0,4.5,7.0,1.0,0.9545454545454546,8.881784197001252e-16,0.19523082381863555,False,,True,True,0,True,True,1.0,True,on,21986,False,0.017571719999999996,65536,65536,0,0,50,111964,22492,0.0176,billed
s1_model_first_r0,1,sto,silent_break,model_first,none,False,0,deepseek/deepseek-v4.1-flash,1.0,0.0,7.5,,0.5750000000000001,0.21250000000000002,2.6732084315283005,,True,True,True,True,40,True,True,1.0,False,on,23126,False,0.055895117999999994,65536,65536,0,0,121,796396,28116,0.0559,billed
s1_task_only_r0,1,sto,silent_break,task_only,none,False,0,deepseek/deepseek-v4.1-flash,1.0,0.0,7.25,,0.5964285714285714,0.175,2.0340068371028255,,True,True,True,True,40,False,True,1.0,False,on,123456,False,0.10123018,65536,65536,1,1,114,460144,124362,0.1012,billed
s13_graph_given_r0,13,sto,silent_break,graph_given,none,False,0,deepseek/deepseek-v4.1-flash,1.0,1.0,3.5,4.25,1.0,1.0,0.0,0.0,False,,True,True,0,True,True,1.0,True,on,5971,False,0.008755443999999998,65536,65536,0,0,35,61588,6386,0.0088,billed
s13_model_first_r0,13,sto,silent_break,model_first,none,False,0,deepseek/deepseek-v4.1-flash,1.0,1.0,7.5,5.5,0.5133928571428572,0.7694444444444444,4.054950839142282,0.6037635071284768,False,,False,True,1,False,False,0.75,False,on,12801,False,0.01794825,65536,65536,0,0,63,275267,17545,0.0179,billed
s13_task_only_r0,13,sto,silent_break,task_only,none,False,0,deepseek/deepseek-v4.1-flash,1.0,1.0,7.5,4.25,0.6948529411764706,1.0,3.366986089932875,0.0,False,,False,False,0,False,False,0.75,True,on,16463,False,0.018836796,65536,65536,0,0,51,98677,16998,0.0188,billed
s25_graph_given_r0,25,sto,silent_break,graph_given,none,False,0,deepseek/deepseek-v4.1-flash,1.0,1.0,2.25,3.5,1.0,1.0,0.0,0.0,False,,True,True,0,True,True,1.0,True,on,5239,False,0.006878930000000001,65536,65536,0,0,27,41472,5589,0.0069,billed
s25_model_first_r0,25,sto,silent_break,model_first,none,False,0,deepseek/deepseek-v4.1-flash,1.0,1.0,7.0,5.0,0.46875,0.7124999999999999,5.0640555567315,1.3389773889857373,False,,False,True,0,True,False,0.5,False,on,154015,False,0.11451098999999999,65536,65536,5,2,64,200920,156731,0.1145,billed
s25_task_only_r0,25,sto,silent_break,task_only,none,False,0,deepseek/deepseek-v4.1-flash,1.0,1.0,6.75,6.75,0.5208333333333333,0.8374999999999999,3.725078167745764,2.8786564388380205,False,,False,False,0,False,False,0.75,True,on,159813,False,0.11175579,65536,65536,2,2,60,132028,160299,0.1118,billed
s8_graph_given_r0,8,sto,silent_break,graph_given,none,False,0,deepseek/deepseek-v4.1-flash,1.0,1.0,2.0,3.25,1.0,1.0,0.0,0.0,False,,True,True,0,True,True,1.0,True,on,1682,False,0.0038257440000000016,65536,65536,0,0,25,36840,2069,0.0038,billed
s8_model_first_r0,8,sto,silent_break,model_first,none,False,0,deepseek/deepseek-v4.1-flash,1.0,1.0,5.25,3.75,0.68125,0.9,3.190503980911698,0.0,False,,True,True,2,False,False,0.75,True,on,12671,False,0.01815471,65536,65536,0,0,47,142990,15703,0.0182,billed
s8_task_only_r0,8,sto,silent_break,task_only,none,False,0,deepseek/deepseek-v4.1-flash,1.0,1.0,4.75,8.75,0.7333333333333334,0.5963064713064714,2.5609506074558857,3.8340029675074607,False,,True,True,4,True,True,1.0,False,on,151319,False,0.10901357999999998,65536,65536,2,2,60,132373,151835,0.109,billed
